Name,datasize,MSE,pearson r,MAE,p,similarity
GPR88_HUMAN,253.0,0.106,0.96,0.158,7CUT0,41.148
GPR88_HUMAN,253.0,0.106,0.96,0.158,7CUT1,40.142
GPR88_HUMAN,253.0,0.106,0.96,0.158,7CUT2,61.34
GPR88_HUMAN,253.0,0.106,0.96,0.158,7CUT3,56.426
GPR88_HUMAN,253.0,0.106,0.96,0.158,7CUT4,51.54600000000001
GPR88_HUMAN,253.0,0.106,0.96,0.158,7CUT5,36.804
GPR88_HUMAN,253.0,0.106,0.96,0.158,7CUT6,59.6
GPR88_HUMAN,253.0,0.106,0.96,0.158,7CUT7,51.764
S1PR3_HUMAN,1163.0,0.071,0.96,0.118,7CUT0,61.116
S1PR3_HUMAN,1163.0,0.071,0.96,0.118,7CUT1,36.252
S1PR3_HUMAN,1163.0,0.071,0.96,0.118,7CUT2,75.12800000000001
S1PR3_HUMAN,1163.0,0.071,0.96,0.118,7CUT3,73.382
S1PR3_HUMAN,1163.0,0.071,0.96,0.118,7CUT4,82.68599999999999
S1PR3_HUMAN,1163.0,0.071,0.96,0.118,7CUT5,70.60600000000001
S1PR3_HUMAN,1163.0,0.071,0.96,0.118,7CUT6,67.086
S1PR3_HUMAN,1163.0,0.071,0.96,0.118,7CUT7,40.82
VIPR2_HUMAN,17.0,0.035,0.99,0.161,7CUT0,40.136
VIPR2_HUMAN,17.0,0.035,0.99,0.161,7CUT1,24.46
VIPR2_HUMAN,17.0,0.035,0.99,0.161,7CUT2,36.07000000000001
VIPR2_HUMAN,17.0,0.035,0.99,0.161,7CUT3,53.514
VIPR2_HUMAN,17.0,0.035,0.99,0.161,7CUT4,66.95
VIPR2_HUMAN,17.0,0.035,0.99,0.161,7CUT5,59.778
VIPR2_HUMAN,17.0,0.035,0.99,0.161,7CUT6,68.982
VIPR2_HUMAN,17.0,0.035,0.99,0.161,7CUT7,42.144
OXGR1_HUMAN,3.0,0.021,1.0,0.136,7CUT0,53.696000000000005
OXGR1_HUMAN,3.0,0.021,1.0,0.136,7CUT1,44.612
OXGR1_HUMAN,3.0,0.021,1.0,0.136,7CUT2,66.336
OXGR1_HUMAN,3.0,0.021,1.0,0.136,7CUT3,76.112
OXGR1_HUMAN,3.0,0.021,1.0,0.136,7CUT4,62.356
OXGR1_HUMAN,3.0,0.021,1.0,0.136,7CUT5,57.248000000000005
OXGR1_HUMAN,3.0,0.021,1.0,0.136,7CUT6,56.91
OXGR1_HUMAN,3.0,0.021,1.0,0.136,7CUT7,38.664
MC3R_HUMAN,447.0,0.207,0.91,0.209,7CUT0,73.944
MC3R_HUMAN,447.0,0.207,0.91,0.209,7CUT1,41.71999999999999
MC3R_HUMAN,447.0,0.207,0.91,0.209,7CUT2,80.20199999999998
MC3R_HUMAN,447.0,0.207,0.91,0.209,7CUT3,88.076
MC3R_HUMAN,447.0,0.207,0.91,0.209,7CUT4,86.538
MC3R_HUMAN,447.0,0.207,0.91,0.209,7CUT5,69.148
MC3R_HUMAN,447.0,0.207,0.91,0.209,7CUT6,77.94399999999999
MC3R_HUMAN,447.0,0.207,0.91,0.209,7CUT7,
FFAR2_HUMAN,287.0,0.036,0.98,0.088,7CUT0,47.042
FFAR2_HUMAN,287.0,0.036,0.98,0.088,7CUT1,
FFAR2_HUMAN,287.0,0.036,0.98,0.088,7CUT2,52.448
FFAR2_HUMAN,287.0,0.036,0.98,0.088,7CUT3,66.114
FFAR2_HUMAN,287.0,0.036,0.98,0.088,7CUT4,55.052
FFAR2_HUMAN,287.0,0.036,0.98,0.088,7CUT5,53.85
FFAR2_HUMAN,287.0,0.036,0.98,0.088,7CUT6,56.668000000000006
FFAR2_HUMAN,287.0,0.036,0.98,0.088,7CUT7,32.91199999999999
V1BR_HUMAN,479.0,0.026,0.98,0.064,7CUT0,51.470000000000006
V1BR_HUMAN,479.0,0.026,0.98,0.064,7CUT1,44.20399999999999
V1BR_HUMAN,479.0,0.026,0.98,0.064,7CUT2,53.362
V1BR_HUMAN,479.0,0.026,0.98,0.064,7CUT3,71.25
V1BR_HUMAN,479.0,0.026,0.98,0.064,7CUT4,73.946
V1BR_HUMAN,479.0,0.026,0.98,0.064,7CUT5,55.2
V1BR_HUMAN,479.0,0.026,0.98,0.064,7CUT6,58.148
V1BR_HUMAN,479.0,0.026,0.98,0.064,7CUT7,31.896000000000004
ADA2A_HUMAN,132.0,0.311,0.8,0.277,7CUT0,58.02
ADA2A_HUMAN,132.0,0.311,0.8,0.277,7CUT1,45.754
ADA2A_HUMAN,132.0,0.311,0.8,0.277,7CUT2,66.454
ADA2A_HUMAN,132.0,0.311,0.8,0.277,7CUT3,95.27599999999998
ADA2A_HUMAN,132.0,0.311,0.8,0.277,7CUT4,70.974
ADA2A_HUMAN,132.0,0.311,0.8,0.277,7CUT5,38.332
ADA2A_HUMAN,132.0,0.311,0.8,0.277,7CUT6,84.84799999999998
ADA2A_HUMAN,132.0,0.311,0.8,0.277,7CUT7,
5HT1A_HUMAN,840.0,0.07,0.98,0.118,7CUT0,82.206
5HT1A_HUMAN,840.0,0.07,0.98,0.118,7CUT1,68.464
5HT1A_HUMAN,840.0,0.07,0.98,0.118,7CUT2,92.80599999999998
5HT1A_HUMAN,840.0,0.07,0.98,0.118,7CUT3,80.394
5HT1A_HUMAN,840.0,0.07,0.98,0.118,7CUT4,82.092
5HT1A_HUMAN,840.0,0.07,0.98,0.118,7CUT5,75.624
5HT1A_HUMAN,840.0,0.07,0.98,0.118,7CUT6,92.0
5HT1A_HUMAN,840.0,0.07,0.98,0.118,7CUT7,
OPRD_HUMAN,1411.0,0.093,0.98,0.161,7CUT0,68.868
OPRD_HUMAN,1411.0,0.093,0.98,0.161,7CUT1,46.386
OPRD_HUMAN,1411.0,0.093,0.98,0.161,7CUT2,76.974
OPRD_HUMAN,1411.0,0.093,0.98,0.161,7CUT3,95.208
OPRD_HUMAN,1411.0,0.093,0.98,0.161,7CUT4,86.75399999999999
OPRD_HUMAN,1411.0,0.093,0.98,0.161,7CUT5,71.076
OPRD_HUMAN,1411.0,0.093,0.98,0.161,7CUT6,69.03999999999999
OPRD_HUMAN,1411.0,0.093,0.98,0.161,7CUT7,62.14
ACM1_HUMAN,908.0,0.086,0.96,0.143,7CUT0,89.72599999999998
ACM1_HUMAN,908.0,0.086,0.96,0.143,7CUT1,61.42800000000001
ACM1_HUMAN,908.0,0.086,0.96,0.143,7CUT2,72.98
ACM1_HUMAN,908.0,0.086,0.96,0.143,7CUT3,97.22
ACM1_HUMAN,908.0,0.086,0.96,0.143,7CUT4,80.0
ACM1_HUMAN,908.0,0.086,0.96,0.143,7CUT5,85.802
ACM1_HUMAN,908.0,0.086,0.96,0.143,7CUT6,70.83
ACM1_HUMAN,908.0,0.086,0.96,0.143,7CUT7,36.154
OXER1_HUMAN,65.0,0.456,0.82,0.443,7CUT0,45.53
OXER1_HUMAN,65.0,0.456,0.82,0.443,7CUT1,23.576
OXER1_HUMAN,65.0,0.456,0.82,0.443,7CUT2,66.67600000000002
OXER1_HUMAN,65.0,0.456,0.82,0.443,7CUT3,73.60999999999999
OXER1_HUMAN,65.0,0.456,0.82,0.443,7CUT4,54.864
OXER1_HUMAN,65.0,0.456,0.82,0.443,7CUT5,52.344
OXER1_HUMAN,65.0,0.456,0.82,0.443,7CUT6,55.292
OXER1_HUMAN,65.0,0.456,0.82,0.443,7CUT7,33.336
ACM5_HUMAN,109.0,0.009,0.99,0.05,7CUT0,80.846
ACM5_HUMAN,109.0,0.009,0.99,0.05,7CUT1,54.434000000000005
ACM5_HUMAN,109.0,0.009,0.99,0.05,7CUT2,83.37400000000001
ACM5_HUMAN,109.0,0.009,0.99,0.05,7CUT3,97.22
ACM5_HUMAN,109.0,0.009,0.99,0.05,7CUT4,85.98000000000002
ACM5_HUMAN,109.0,0.009,0.99,0.05,7CUT5,76.30600000000001
ACM5_HUMAN,109.0,0.009,0.99,0.05,7CUT6,70.35
ACM5_HUMAN,109.0,0.009,0.99,0.05,7CUT7,32.818
HCAR3_HUMAN,182.0,0.019,0.98,0.08,7CUT0,72.726
HCAR3_HUMAN,182.0,0.019,0.98,0.08,7CUT1,33.214
HCAR3_HUMAN,182.0,0.019,0.98,0.08,7CUT2,82.992
HCAR3_HUMAN,182.0,0.019,0.98,0.08,7CUT3,90.834
HCAR3_HUMAN,182.0,0.019,0.98,0.08,7CUT4,77.376
HCAR3_HUMAN,182.0,0.019,0.98,0.08,7CUT5,78.79
HCAR3_HUMAN,182.0,0.019,0.98,0.08,7CUT6,79.006
HCAR3_HUMAN,182.0,0.019,0.98,0.08,7CUT7,40.970000000000006
CASR_HUMAN,384.0,0.038,0.98,0.112,7CUT0,74.066
CASR_HUMAN,384.0,0.038,0.98,0.112,7CUT1,83.378
CASR_HUMAN,384.0,0.038,0.98,0.112,7CUT2,87.296
CASR_HUMAN,384.0,0.038,0.98,0.112,7CUT3,77.744
CASR_HUMAN,384.0,0.038,0.98,0.112,7CUT4,56.1
CASR_HUMAN,384.0,0.038,0.98,0.112,7CUT5,82.97
CASR_HUMAN,384.0,0.038,0.98,0.112,7CUT6,86.706
CASR_HUMAN,384.0,0.038,0.98,0.112,7CUT7,59.12600000000001
MC5R_HUMAN,184.0,0.086,0.97,0.162,7CUT0,74.17999999999999
MC5R_HUMAN,184.0,0.086,0.97,0.162,7CUT1,41.962
MC5R_HUMAN,184.0,0.086,0.97,0.162,7CUT2,78.412
MC5R_HUMAN,184.0,0.086,0.97,0.162,7CUT3,85.78400000000002
MC5R_HUMAN,184.0,0.086,0.97,0.162,7CUT4,90.002
MC5R_HUMAN,184.0,0.086,0.97,0.162,7CUT5,73.426
MC5R_HUMAN,184.0,0.086,0.97,0.162,7CUT6,81.25
MC5R_HUMAN,184.0,0.086,0.97,0.162,7CUT7,
LPAR4_HUMAN,20.0,0.008,0.99,0.076,7CUT0,57.16
LPAR4_HUMAN,20.0,0.008,0.99,0.076,7CUT1,40.0
LPAR4_HUMAN,20.0,0.008,0.99,0.076,7CUT2,71.55999999999999
LPAR4_HUMAN,20.0,0.008,0.99,0.076,7CUT3,75.24
LPAR4_HUMAN,20.0,0.008,0.99,0.076,7CUT4,58.33
LPAR4_HUMAN,20.0,0.008,0.99,0.076,7CUT5,69.054
LPAR4_HUMAN,20.0,0.008,0.99,0.076,7CUT6,59.456
LPAR4_HUMAN,20.0,0.008,0.99,0.076,7CUT7,34.529999999999994
HRH1_HUMAN,595.0,0.158,0.95,0.244,7CUT0,51.05400000000001
HRH1_HUMAN,595.0,0.158,0.95,0.244,7CUT1,35.942
HRH1_HUMAN,595.0,0.158,0.95,0.244,7CUT2,77.52
HRH1_HUMAN,595.0,0.158,0.95,0.244,7CUT3,79.724
HRH1_HUMAN,595.0,0.158,0.95,0.244,7CUT4,66.656
HRH1_HUMAN,595.0,0.158,0.95,0.244,7CUT5,34.312
HRH1_HUMAN,595.0,0.158,0.95,0.244,7CUT6,74.224
HRH1_HUMAN,595.0,0.158,0.95,0.244,7CUT7,
TA2R_HUMAN,636.0,0.164,0.93,0.298,7CUT0,51.784000000000006
TA2R_HUMAN,636.0,0.164,0.93,0.298,7CUT1,25.198
TA2R_HUMAN,636.0,0.164,0.93,0.298,7CUT2,56.722
TA2R_HUMAN,636.0,0.164,0.93,0.298,7CUT3,64.364
TA2R_HUMAN,636.0,0.164,0.93,0.298,7CUT4,69.13199999999999
TA2R_HUMAN,636.0,0.164,0.93,0.298,7CUT5,52.28399999999999
TA2R_HUMAN,636.0,0.164,0.93,0.298,7CUT6,66.81800000000001
TA2R_HUMAN,636.0,0.164,0.93,0.298,7CUT7,30.0
NPBW1_HUMAN,391.0,0.028,0.97,0.083,7CUT0,56.644000000000005
NPBW1_HUMAN,391.0,0.028,0.97,0.083,7CUT1,47.69
NPBW1_HUMAN,391.0,0.028,0.97,0.083,7CUT2,78.95
NPBW1_HUMAN,391.0,0.028,0.97,0.083,7CUT3,73.922
NPBW1_HUMAN,391.0,0.028,0.97,0.083,7CUT4,60.774
NPBW1_HUMAN,391.0,0.028,0.97,0.083,7CUT5,64.922
NPBW1_HUMAN,391.0,0.028,0.97,0.083,7CUT6,65.98599999999999
NPBW1_HUMAN,391.0,0.028,0.97,0.083,7CUT7,
CLTR1_HUMAN,339.0,0.053,0.98,0.118,7CUT0,77.96400000000001
CLTR1_HUMAN,339.0,0.053,0.98,0.118,7CUT1,58.33
CLTR1_HUMAN,339.0,0.053,0.98,0.118,7CUT2,91.768
CLTR1_HUMAN,339.0,0.053,0.98,0.118,7CUT3,75.556
CLTR1_HUMAN,339.0,0.053,0.98,0.118,7CUT4,61.698
CLTR1_HUMAN,339.0,0.053,0.98,0.118,7CUT5,88.022
CLTR1_HUMAN,339.0,0.053,0.98,0.118,7CUT6,90.23
CLTR1_HUMAN,339.0,0.053,0.98,0.118,7CUT7,68.796
FPR1_HUMAN,351.0,0.084,0.95,0.169,7CUT0,61.414
FPR1_HUMAN,351.0,0.084,0.95,0.169,7CUT1,38.44199999999999
FPR1_HUMAN,351.0,0.084,0.95,0.169,7CUT2,73.52799999999999
FPR1_HUMAN,351.0,0.084,0.95,0.169,7CUT3,82.498
FPR1_HUMAN,351.0,0.084,0.95,0.169,7CUT4,55.57800000000001
FPR1_HUMAN,351.0,0.084,0.95,0.169,7CUT5,72.07000000000001
FPR1_HUMAN,351.0,0.084,0.95,0.169,7CUT6,67.02000000000001
FPR1_HUMAN,351.0,0.084,0.95,0.169,7CUT7,52.94199999999999
MTR1A_HUMAN,112.0,0.063,0.97,0.137,7CUT0,52.222
MTR1A_HUMAN,112.0,0.063,0.97,0.137,7CUT1,38.334
MTR1A_HUMAN,112.0,0.063,0.97,0.137,7CUT2,72.49199999999999
MTR1A_HUMAN,112.0,0.063,0.97,0.137,7CUT3,68.704
MTR1A_HUMAN,112.0,0.063,0.97,0.137,7CUT4,71.51599999999999
MTR1A_HUMAN,112.0,0.063,0.97,0.137,7CUT5,62.516
MTR1A_HUMAN,112.0,0.063,0.97,0.137,7CUT6,63.15
MTR1A_HUMAN,112.0,0.063,0.97,0.137,7CUT7,38.632
MTR1B_HUMAN,145.0,0.052,0.98,0.123,7CUT0,51.774
MTR1B_HUMAN,145.0,0.052,0.98,0.123,7CUT1,42.86
MTR1B_HUMAN,145.0,0.052,0.98,0.123,7CUT2,61.474
MTR1B_HUMAN,145.0,0.052,0.98,0.123,7CUT3,68.43400000000001
MTR1B_HUMAN,145.0,0.052,0.98,0.123,7CUT4,69.348
MTR1B_HUMAN,145.0,0.052,0.98,0.123,7CUT5,58.93000000000001
MTR1B_HUMAN,145.0,0.052,0.98,0.123,7CUT6,54.35999999999999
MTR1B_HUMAN,145.0,0.052,0.98,0.123,7CUT7,47.06
TRFR_HUMAN,14.0,0.127,0.98,0.267,7CUT0,54.958000000000006
TRFR_HUMAN,14.0,0.127,0.98,0.267,7CUT1,45.38
TRFR_HUMAN,14.0,0.127,0.98,0.267,7CUT2,77.794
TRFR_HUMAN,14.0,0.127,0.98,0.267,7CUT3,68.338
TRFR_HUMAN,14.0,0.127,0.98,0.267,7CUT4,62.726
TRFR_HUMAN,14.0,0.127,0.98,0.267,7CUT5,51.48
TRFR_HUMAN,14.0,0.127,0.98,0.267,7CUT6,68.136
TRFR_HUMAN,14.0,0.127,0.98,0.267,7CUT7,47.288
NPY1R_HUMAN,402.0,0.056,0.99,0.116,7CUT0,48.09
NPY1R_HUMAN,402.0,0.056,0.99,0.116,7CUT1,36.058
NPY1R_HUMAN,402.0,0.056,0.99,0.116,7CUT2,71.91400000000002
NPY1R_HUMAN,402.0,0.056,0.99,0.116,7CUT3,76.76
NPY1R_HUMAN,402.0,0.056,0.99,0.116,7CUT4,54.988
NPY1R_HUMAN,402.0,0.056,0.99,0.116,7CUT5,47.828
NPY1R_HUMAN,402.0,0.056,0.99,0.116,7CUT6,59.75
NPY1R_HUMAN,402.0,0.056,0.99,0.116,7CUT7,39.15
LT4R1_HUMAN,81.0,0.559,0.8,0.513,7CUT0,54.562
LT4R1_HUMAN,81.0,0.559,0.8,0.513,7CUT1,
LT4R1_HUMAN,81.0,0.559,0.8,0.513,7CUT2,65.228
LT4R1_HUMAN,81.0,0.559,0.8,0.513,7CUT3,75.654
LT4R1_HUMAN,81.0,0.559,0.8,0.513,7CUT4,60.978
LT4R1_HUMAN,81.0,0.559,0.8,0.513,7CUT5,55.35799999999999
LT4R1_HUMAN,81.0,0.559,0.8,0.513,7CUT6,58.06
LT4R1_HUMAN,81.0,0.559,0.8,0.513,7CUT7,39.998000000000005
NK1R_HUMAN,170.0,0.259,0.94,0.295,7CUT0,73.796
NK1R_HUMAN,170.0,0.259,0.94,0.295,7CUT1,66.348
NK1R_HUMAN,170.0,0.259,0.94,0.295,7CUT2,79.286
NK1R_HUMAN,170.0,0.259,0.94,0.295,7CUT3,84.28
NK1R_HUMAN,170.0,0.259,0.94,0.295,7CUT4,70.47200000000001
NK1R_HUMAN,170.0,0.259,0.94,0.295,7CUT5,80.77799999999999
NK1R_HUMAN,170.0,0.259,0.94,0.295,7CUT6,79.67599999999999
NK1R_HUMAN,170.0,0.259,0.94,0.295,7CUT7,58.274
OX1R_HUMAN,2633.0,0.088,0.95,0.176,7CUT0,67.334
OX1R_HUMAN,2633.0,0.088,0.95,0.176,7CUT1,48.486
OX1R_HUMAN,2633.0,0.088,0.95,0.176,7CUT2,66.548
OX1R_HUMAN,2633.0,0.088,0.95,0.176,7CUT3,89.43
OX1R_HUMAN,2633.0,0.088,0.95,0.176,7CUT4,66.61
OX1R_HUMAN,2633.0,0.088,0.95,0.176,7CUT5,78.77799999999999
OX1R_HUMAN,2633.0,0.088,0.95,0.176,7CUT6,80.878
OX1R_HUMAN,2633.0,0.088,0.95,0.176,7CUT7,37.076
P2Y11_HUMAN,46.0,0.16,0.79,0.304,7CUT0,44.614
P2Y11_HUMAN,46.0,0.16,0.79,0.304,7CUT1,55.712
P2Y11_HUMAN,46.0,0.16,0.79,0.304,7CUT2,60.48199999999999
P2Y11_HUMAN,46.0,0.16,0.79,0.304,7CUT3,74.032
P2Y11_HUMAN,46.0,0.16,0.79,0.304,7CUT4,49.536
P2Y11_HUMAN,46.0,0.16,0.79,0.304,7CUT5,46.138
P2Y11_HUMAN,46.0,0.16,0.79,0.304,7CUT6,49.79600000000001
P2Y11_HUMAN,46.0,0.16,0.79,0.304,7CUT7,34.574
RL3R1_HUMAN,0.0,,,,7CUT0,42.63
RL3R1_HUMAN,0.0,,,,7CUT1,24.706
RL3R1_HUMAN,0.0,,,,7CUT2,56.772000000000006
RL3R1_HUMAN,0.0,,,,7CUT3,63.220000000000006
RL3R1_HUMAN,0.0,,,,7CUT4,60.35
RL3R1_HUMAN,0.0,,,,7CUT5,43.228
RL3R1_HUMAN,0.0,,,,7CUT6,65.576
RL3R1_HUMAN,0.0,,,,7CUT7,32.006
CCKAR_HUMAN,273.0,0.161,0.96,0.194,7CUT0,82.36999999999999
CCKAR_HUMAN,273.0,0.161,0.96,0.194,7CUT1,57.09799999999999
CCKAR_HUMAN,273.0,0.161,0.96,0.194,7CUT2,91.378
CCKAR_HUMAN,273.0,0.161,0.96,0.194,7CUT3,82.43
CCKAR_HUMAN,273.0,0.161,0.96,0.194,7CUT4,98.7
CCKAR_HUMAN,273.0,0.161,0.96,0.194,7CUT5,54.708000000000006
CCKAR_HUMAN,273.0,0.161,0.96,0.194,7CUT6,97.96
CCKAR_HUMAN,273.0,0.161,0.96,0.194,7CUT7,87.40799999999999
GPBAR_HUMAN,847.0,0.176,0.94,0.26,7CUT0,57.888
GPBAR_HUMAN,847.0,0.176,0.94,0.26,7CUT1,57.5
GPBAR_HUMAN,847.0,0.176,0.94,0.26,7CUT2,67.636
GPBAR_HUMAN,847.0,0.176,0.94,0.26,7CUT3,65.264
GPBAR_HUMAN,847.0,0.176,0.94,0.26,7CUT4,72.88399999999999
GPBAR_HUMAN,847.0,0.176,0.94,0.26,7CUT5,64.93199999999999
GPBAR_HUMAN,847.0,0.176,0.94,0.26,7CUT6,63.874
GPBAR_HUMAN,847.0,0.176,0.94,0.26,7CUT7,56.666
CCR4_HUMAN,318.0,0.377,0.64,0.466,7CUT0,87.38400000000001
CCR4_HUMAN,318.0,0.377,0.64,0.466,7CUT1,43.492
CCR4_HUMAN,318.0,0.377,0.64,0.466,7CUT2,70.06800000000001
CCR4_HUMAN,318.0,0.377,0.64,0.466,7CUT3,86.854
CCR4_HUMAN,318.0,0.377,0.64,0.466,7CUT4,92.704
CCR4_HUMAN,318.0,0.377,0.64,0.466,7CUT5,75.088
CCR4_HUMAN,318.0,0.377,0.64,0.466,7CUT6,84.21200000000002
CCR4_HUMAN,318.0,0.377,0.64,0.466,7CUT7,64.71
ADA1D_HUMAN,191.0,0.07,0.98,0.153,7CUT0,63.68399999999999
ADA1D_HUMAN,191.0,0.07,0.98,0.153,7CUT1,49.818
ADA1D_HUMAN,191.0,0.07,0.98,0.153,7CUT2,53.73199999999999
ADA1D_HUMAN,191.0,0.07,0.98,0.153,7CUT3,96.388
ADA1D_HUMAN,191.0,0.07,0.98,0.153,7CUT4,77.502
ADA1D_HUMAN,191.0,0.07,0.98,0.153,7CUT5,86.404
ADA1D_HUMAN,191.0,0.07,0.98,0.153,7CUT6,49.404
ADA1D_HUMAN,191.0,0.07,0.98,0.153,7CUT7,38.03
CXCR4_HUMAN,231.0,0.14,0.95,0.228,7CUT0,88.552
CXCR4_HUMAN,231.0,0.14,0.95,0.228,7CUT1,56.338
CXCR4_HUMAN,231.0,0.14,0.95,0.228,7CUT2,97.27599999999998
CXCR4_HUMAN,231.0,0.14,0.95,0.228,7CUT3,95.28
CXCR4_HUMAN,231.0,0.14,0.95,0.228,7CUT4,81.92600000000002
CXCR4_HUMAN,231.0,0.14,0.95,0.228,7CUT5,97.934
CXCR4_HUMAN,231.0,0.14,0.95,0.228,7CUT6,81.48
CXCR4_HUMAN,231.0,0.14,0.95,0.228,7CUT7,52.94
GPER1_HUMAN,10.0,0.642,0.81,0.511,7CUT0,48.732000000000006
GPER1_HUMAN,10.0,0.642,0.81,0.511,7CUT1,26.998
GPER1_HUMAN,10.0,0.642,0.81,0.511,7CUT2,61.914
GPER1_HUMAN,10.0,0.642,0.81,0.511,7CUT3,64.654
GPER1_HUMAN,10.0,0.642,0.81,0.511,7CUT4,53.522000000000006
GPER1_HUMAN,10.0,0.642,0.81,0.511,7CUT5,52.926
GPER1_HUMAN,10.0,0.642,0.81,0.511,7CUT6,58.076
GPER1_HUMAN,10.0,0.642,0.81,0.511,7CUT7,48.236
MSHR_HUMAN,625.0,0.18,0.93,0.224,7CUT0,62.548
MSHR_HUMAN,625.0,0.18,0.93,0.224,7CUT1,40.734
MSHR_HUMAN,625.0,0.18,0.93,0.224,7CUT2,69.05600000000001
MSHR_HUMAN,625.0,0.18,0.93,0.224,7CUT3,74.38
MSHR_HUMAN,625.0,0.18,0.93,0.224,7CUT4,63.798
MSHR_HUMAN,625.0,0.18,0.93,0.224,7CUT5,60.03800000000001
MSHR_HUMAN,625.0,0.18,0.93,0.224,7CUT6,73.43
MSHR_HUMAN,625.0,0.18,0.93,0.224,7CUT7,
CXCR5_HUMAN,154.0,0.06,0.98,0.122,7CUT0,54.462
CXCR5_HUMAN,154.0,0.06,0.98,0.122,7CUT1,35.262
CXCR5_HUMAN,154.0,0.06,0.98,0.122,7CUT2,67.418
CXCR5_HUMAN,154.0,0.06,0.98,0.122,7CUT3,68.922
CXCR5_HUMAN,154.0,0.06,0.98,0.122,7CUT4,54.04600000000001
CXCR5_HUMAN,154.0,0.06,0.98,0.122,7CUT5,67.46000000000001
CXCR5_HUMAN,154.0,0.06,0.98,0.122,7CUT6,62.356
CXCR5_HUMAN,154.0,0.06,0.98,0.122,7CUT7,58.82000000000001
OX2R_HUMAN,1957.0,0.076,0.96,0.125,7CUT0,70.71199999999999
OX2R_HUMAN,1957.0,0.076,0.96,0.125,7CUT1,57.3
OX2R_HUMAN,1957.0,0.076,0.96,0.125,7CUT2,70.95400000000001
OX2R_HUMAN,1957.0,0.076,0.96,0.125,7CUT3,84.03200000000001
OX2R_HUMAN,1957.0,0.076,0.96,0.125,7CUT4,73.4
OX2R_HUMAN,1957.0,0.076,0.96,0.125,7CUT5,79.542
OX2R_HUMAN,1957.0,0.076,0.96,0.125,7CUT6,66.926
OX2R_HUMAN,1957.0,0.076,0.96,0.125,7CUT7,33.99399999999999
TAAR1_HUMAN,866.0,0.142,0.87,0.269,7CUT0,61.238
TAAR1_HUMAN,866.0,0.142,0.87,0.269,7CUT1,42.13
TAAR1_HUMAN,866.0,0.142,0.87,0.269,7CUT2,77.686
TAAR1_HUMAN,866.0,0.142,0.87,0.269,7CUT3,82.85
TAAR1_HUMAN,866.0,0.142,0.87,0.269,7CUT4,61.566
TAAR1_HUMAN,866.0,0.142,0.87,0.269,7CUT5,60.96400000000001
TAAR1_HUMAN,866.0,0.142,0.87,0.269,7CUT6,68.64999999999999
TAAR1_HUMAN,866.0,0.142,0.87,0.269,7CUT7,52.94
AGTR2_HUMAN,7.0,0.024,0.99,0.117,7CUT0,88.45599999999999
AGTR2_HUMAN,7.0,0.024,0.99,0.117,7CUT1,68.572
AGTR2_HUMAN,7.0,0.024,0.99,0.117,7CUT2,87.074
AGTR2_HUMAN,7.0,0.024,0.99,0.117,7CUT3,70.83
AGTR2_HUMAN,7.0,0.024,0.99,0.117,7CUT4,61.04
AGTR2_HUMAN,7.0,0.024,0.99,0.117,7CUT5,91.524
AGTR2_HUMAN,7.0,0.024,0.99,0.117,7CUT6,60.322
AGTR2_HUMAN,7.0,0.024,0.99,0.117,7CUT7,47.06
PD2R_HUMAN,265.0,0.121,0.96,0.186,7CUT0,50.48
PD2R_HUMAN,265.0,0.121,0.96,0.186,7CUT1,39.998000000000005
PD2R_HUMAN,265.0,0.121,0.96,0.186,7CUT2,57.842
PD2R_HUMAN,265.0,0.121,0.96,0.186,7CUT3,67.676
PD2R_HUMAN,265.0,0.121,0.96,0.186,7CUT4,59.222
PD2R_HUMAN,265.0,0.121,0.96,0.186,7CUT5,42.056
PD2R_HUMAN,265.0,0.121,0.96,0.186,7CUT6,68.084
PD2R_HUMAN,265.0,0.121,0.96,0.186,7CUT7,38.664
SCTR_HUMAN,0.0,,,,7CUT0,44.24400000000001
SCTR_HUMAN,0.0,,,,7CUT1,28.170000000000005
SCTR_HUMAN,0.0,,,,7CUT2,37.15
SCTR_HUMAN,0.0,,,,7CUT3,57.736
SCTR_HUMAN,0.0,,,,7CUT4,70.616
SCTR_HUMAN,0.0,,,,7CUT5,66.558
SCTR_HUMAN,0.0,,,,7CUT6,65.346
SCTR_HUMAN,0.0,,,,7CUT7,39.176
CCR8_HUMAN,214.0,0.041,0.98,0.099,7CUT0,61.714
CCR8_HUMAN,214.0,0.041,0.98,0.099,7CUT1,38.582
CCR8_HUMAN,214.0,0.041,0.98,0.099,7CUT2,77.36
CCR8_HUMAN,214.0,0.041,0.98,0.099,7CUT3,85.71
CCR8_HUMAN,214.0,0.041,0.98,0.099,7CUT4,68.0
CCR8_HUMAN,214.0,0.041,0.98,0.099,7CUT5,70.18
CCR8_HUMAN,214.0,0.041,0.98,0.099,7CUT6,71.374
CCR8_HUMAN,214.0,0.041,0.98,0.099,7CUT7,42.394
ADRB2_HUMAN,1432.0,0.117,0.97,0.199,7CUT0,89.58600000000001
ADRB2_HUMAN,1432.0,0.117,0.97,0.199,7CUT1,64.934
ADRB2_HUMAN,1432.0,0.117,0.97,0.199,7CUT2,93.29
ADRB2_HUMAN,1432.0,0.117,0.97,0.199,7CUT3,97.266
ADRB2_HUMAN,1432.0,0.117,0.97,0.199,7CUT4,97.064
ADRB2_HUMAN,1432.0,0.117,0.97,0.199,7CUT5,96.34
ADRB2_HUMAN,1432.0,0.117,0.97,0.199,7CUT6,88.302
ADRB2_HUMAN,1432.0,0.117,0.97,0.199,7CUT7,78.24799999999999
GPR35_HUMAN,705.0,0.268,0.82,0.342,7CUT0,56.01400000000001
GPR35_HUMAN,705.0,0.268,0.82,0.342,7CUT1,39.554
GPR35_HUMAN,705.0,0.268,0.82,0.342,7CUT2,67.546
GPR35_HUMAN,705.0,0.268,0.82,0.342,7CUT3,69.342
GPR35_HUMAN,705.0,0.268,0.82,0.342,7CUT4,57.908
GPR35_HUMAN,705.0,0.268,0.82,0.342,7CUT5,63.684000000000005
GPR35_HUMAN,705.0,0.268,0.82,0.342,7CUT6,55.15999999999999
GPR35_HUMAN,705.0,0.268,0.82,0.342,7CUT7,52.352
LSHR_HUMAN,55.0,0.022,0.99,0.104,7CUT0,40.968
LSHR_HUMAN,55.0,0.022,0.99,0.104,7CUT1,19.102
LSHR_HUMAN,55.0,0.022,0.99,0.104,7CUT2,34.343999999999994
LSHR_HUMAN,55.0,0.022,0.99,0.104,7CUT3,65.666
LSHR_HUMAN,55.0,0.022,0.99,0.104,7CUT4,78.82000000000001
LSHR_HUMAN,55.0,0.022,0.99,0.104,7CUT5,80.67999999999999
LSHR_HUMAN,55.0,0.022,0.99,0.104,7CUT6,69.70400000000001
LSHR_HUMAN,55.0,0.022,0.99,0.104,7CUT7,39.572
5HT1D_HUMAN,242.0,0.073,0.96,0.138,7CUT0,66.388
5HT1D_HUMAN,242.0,0.073,0.96,0.138,7CUT1,48.048
5HT1D_HUMAN,242.0,0.073,0.96,0.138,7CUT2,60.0
5HT1D_HUMAN,242.0,0.073,0.96,0.138,7CUT3,85.14
5HT1D_HUMAN,242.0,0.073,0.96,0.138,7CUT4,68.65
5HT1D_HUMAN,242.0,0.073,0.96,0.138,7CUT5,65.52
5HT1D_HUMAN,242.0,0.073,0.96,0.138,7CUT6,77.384
5HT1D_HUMAN,242.0,0.073,0.96,0.138,7CUT7,
HRH3_HUMAN,1730.0,0.059,0.98,0.128,7CUT0,74.086
HRH3_HUMAN,1730.0,0.059,0.98,0.128,7CUT1,65.24199999999999
HRH3_HUMAN,1730.0,0.059,0.98,0.128,7CUT2,84.116
HRH3_HUMAN,1730.0,0.059,0.98,0.128,7CUT3,84.65599999999999
HRH3_HUMAN,1730.0,0.059,0.98,0.128,7CUT4,65.336
HRH3_HUMAN,1730.0,0.059,0.98,0.128,7CUT5,63.508
HRH3_HUMAN,1730.0,0.059,0.98,0.128,7CUT6,83.208
HRH3_HUMAN,1730.0,0.059,0.98,0.128,7CUT7,25.0
GABR1_HUMAN,8.0,0.006,1.0,0.053,7CUT0,22.992
GABR1_HUMAN,8.0,0.006,1.0,0.053,7CUT1,27.448
GABR1_HUMAN,8.0,0.006,1.0,0.053,7CUT2,24.160000000000004
GABR1_HUMAN,8.0,0.006,1.0,0.053,7CUT3,19.278
GABR1_HUMAN,8.0,0.006,1.0,0.053,7CUT4,28.584
GABR1_HUMAN,8.0,0.006,1.0,0.053,7CUT5,42.31
GABR1_HUMAN,8.0,0.006,1.0,0.053,7CUT6,32.982
GABR1_HUMAN,8.0,0.006,1.0,0.053,7CUT7,30.486
NMBR_HUMAN,31.0,0.213,0.94,0.281,7CUT0,63.614
NMBR_HUMAN,31.0,0.213,0.94,0.281,7CUT1,35.196
NMBR_HUMAN,31.0,0.213,0.94,0.281,7CUT2,77.41
NMBR_HUMAN,31.0,0.213,0.94,0.281,7CUT3,90.306
NMBR_HUMAN,31.0,0.213,0.94,0.281,7CUT4,67.974
NMBR_HUMAN,31.0,0.213,0.94,0.281,7CUT5,80.23800000000001
NMBR_HUMAN,31.0,0.213,0.94,0.281,7CUT6,65.138
NMBR_HUMAN,31.0,0.213,0.94,0.281,7CUT7,39.71
QRFPR_HUMAN,145.0,0.04,0.97,0.107,7CUT0,43.836000000000006
QRFPR_HUMAN,145.0,0.04,0.97,0.107,7CUT1,32.27
QRFPR_HUMAN,145.0,0.04,0.97,0.107,7CUT2,73.164
QRFPR_HUMAN,145.0,0.04,0.97,0.107,7CUT3,70.83
QRFPR_HUMAN,145.0,0.04,0.97,0.107,7CUT4,52.502
QRFPR_HUMAN,145.0,0.04,0.97,0.107,7CUT5,49.726
QRFPR_HUMAN,145.0,0.04,0.97,0.107,7CUT6,42.604
QRFPR_HUMAN,145.0,0.04,0.97,0.107,7CUT7,32.308
NTR1_HUMAN,460.0,0.069,0.97,0.112,7CUT0,55.74
NTR1_HUMAN,460.0,0.069,0.97,0.112,7CUT1,31.894
NTR1_HUMAN,460.0,0.069,0.97,0.112,7CUT2,62.372
NTR1_HUMAN,460.0,0.069,0.97,0.112,7CUT3,89.19000000000001
NTR1_HUMAN,460.0,0.069,0.97,0.112,7CUT4,63.290000000000006
NTR1_HUMAN,460.0,0.069,0.97,0.112,7CUT5,58.986
NTR1_HUMAN,460.0,0.069,0.97,0.112,7CUT6,71.766
NTR1_HUMAN,460.0,0.069,0.97,0.112,7CUT7,46.15
MC4R_HUMAN,1883.0,0.229,0.92,0.252,7CUT0,77.908
MC4R_HUMAN,1883.0,0.229,0.92,0.252,7CUT1,53.334
MC4R_HUMAN,1883.0,0.229,0.92,0.252,7CUT2,73.34
MC4R_HUMAN,1883.0,0.229,0.92,0.252,7CUT3,74.75
MC4R_HUMAN,1883.0,0.229,0.92,0.252,7CUT4,83.076
MC4R_HUMAN,1883.0,0.229,0.92,0.252,7CUT5,67.224
MC4R_HUMAN,1883.0,0.229,0.92,0.252,7CUT6,85.416
MC4R_HUMAN,1883.0,0.229,0.92,0.252,7CUT7,
5HT4R_HUMAN,480.0,0.033,0.98,0.104,7CUT0,90.802
5HT4R_HUMAN,480.0,0.033,0.98,0.104,7CUT1,90.91
5HT4R_HUMAN,480.0,0.033,0.98,0.104,7CUT2,95.998
5HT4R_HUMAN,480.0,0.033,0.98,0.104,7CUT3,92.876
5HT4R_HUMAN,480.0,0.033,0.98,0.104,7CUT4,91.778
5HT4R_HUMAN,480.0,0.033,0.98,0.104,7CUT5,95.734
5HT4R_HUMAN,480.0,0.033,0.98,0.104,7CUT6,91.278
5HT4R_HUMAN,480.0,0.033,0.98,0.104,7CUT7,86.97200000000001
DRD2_HUMAN,1565.0,0.143,0.92,0.208,7CUT0,78.42
DRD2_HUMAN,1565.0,0.143,0.92,0.208,7CUT1,79.99999999999999
DRD2_HUMAN,1565.0,0.143,0.92,0.208,7CUT2,97.734
DRD2_HUMAN,1565.0,0.143,0.92,0.208,7CUT3,84.21
DRD2_HUMAN,1565.0,0.143,0.92,0.208,7CUT4,96.83
DRD2_HUMAN,1565.0,0.143,0.92,0.208,7CUT5,52.33
DRD2_HUMAN,1565.0,0.143,0.92,0.208,7CUT6,93.71800000000002
DRD2_HUMAN,1565.0,0.143,0.92,0.208,7CUT7,
DRD4_HUMAN,201.0,0.033,0.97,0.093,7CUT0,60.94000000000001
DRD4_HUMAN,201.0,0.033,0.97,0.093,7CUT1,49.166
DRD4_HUMAN,201.0,0.033,0.97,0.093,7CUT2,75.66399999999999
DRD4_HUMAN,201.0,0.033,0.97,0.093,7CUT3,85.92600000000002
DRD4_HUMAN,201.0,0.033,0.97,0.093,7CUT4,75.256
DRD4_HUMAN,201.0,0.033,0.97,0.093,7CUT5,43.14399999999999
DRD4_HUMAN,201.0,0.033,0.97,0.093,7CUT6,83.78
DRD4_HUMAN,201.0,0.033,0.97,0.093,7CUT7,
MRGX2_HUMAN,14.0,0.016,0.95,0.088,7CUT0,49.16
MRGX2_HUMAN,14.0,0.016,0.95,0.088,7CUT1,54.28399999999999
MRGX2_HUMAN,14.0,0.016,0.95,0.088,7CUT2,70.546
MRGX2_HUMAN,14.0,0.016,0.95,0.088,7CUT3,47.502
MRGX2_HUMAN,14.0,0.016,0.95,0.088,7CUT4,54.814
MRGX2_HUMAN,14.0,0.016,0.95,0.088,7CUT5,52.288
MRGX2_HUMAN,14.0,0.016,0.95,0.088,7CUT6,56.978
MRGX2_HUMAN,14.0,0.016,0.95,0.088,7CUT7,44.708
GPR17_HUMAN,24.0,0.449,0.76,0.39,7CUT0,48.71
GPR17_HUMAN,24.0,0.449,0.76,0.39,7CUT1,33.976
GPR17_HUMAN,24.0,0.449,0.76,0.39,7CUT2,68.27199999999999
GPR17_HUMAN,24.0,0.449,0.76,0.39,7CUT3,75.0
GPR17_HUMAN,24.0,0.449,0.76,0.39,7CUT4,51.552
GPR17_HUMAN,24.0,0.449,0.76,0.39,7CUT5,59.01800000000001
GPR17_HUMAN,24.0,0.449,0.76,0.39,7CUT6,56.628
GPR17_HUMAN,24.0,0.449,0.76,0.39,7CUT7,51.764
SSR2_HUMAN,45.0,0.119,0.96,0.217,7CUT0,61.492
SSR2_HUMAN,45.0,0.119,0.96,0.217,7CUT1,41.574
SSR2_HUMAN,45.0,0.119,0.96,0.217,7CUT2,79.864
SSR2_HUMAN,45.0,0.119,0.96,0.217,7CUT3,84.382
SSR2_HUMAN,45.0,0.119,0.96,0.217,7CUT4,68.31
SSR2_HUMAN,45.0,0.119,0.96,0.217,7CUT5,67.564
SSR2_HUMAN,45.0,0.119,0.96,0.217,7CUT6,70.146
SSR2_HUMAN,45.0,0.119,0.96,0.217,7CUT7,43.952
ADA1A_HUMAN,496.0,0.093,0.95,0.133,7CUT0,95.78
ADA1A_HUMAN,496.0,0.093,0.95,0.133,7CUT1,93.75
ADA1A_HUMAN,496.0,0.093,0.95,0.133,7CUT2,93.304
ADA1A_HUMAN,496.0,0.093,0.95,0.133,7CUT3,96.666
ADA1A_HUMAN,496.0,0.093,0.95,0.133,7CUT4,98.51
ADA1A_HUMAN,496.0,0.093,0.95,0.133,7CUT5,98.764
ADA1A_HUMAN,496.0,0.093,0.95,0.133,7CUT6,91.26
ADA1A_HUMAN,496.0,0.093,0.95,0.133,7CUT7,90.69
PTAFR_HUMAN,131.0,0.216,0.89,0.309,7CUT0,54.882000000000005
PTAFR_HUMAN,131.0,0.216,0.89,0.309,7CUT1,40.0
PTAFR_HUMAN,131.0,0.216,0.89,0.309,7CUT2,61.776
PTAFR_HUMAN,131.0,0.216,0.89,0.309,7CUT3,74.168
PTAFR_HUMAN,131.0,0.216,0.89,0.309,7CUT4,59.66799999999999
PTAFR_HUMAN,131.0,0.216,0.89,0.309,7CUT5,58.124
PTAFR_HUMAN,131.0,0.216,0.89,0.309,7CUT6,56.370000000000005
PTAFR_HUMAN,131.0,0.216,0.89,0.309,7CUT7,45.884
GPR55_HUMAN,1189.0,0.02,0.98,0.071,7CUT0,48.606
GPR55_HUMAN,1189.0,0.02,0.98,0.071,7CUT1,67.5
GPR55_HUMAN,1189.0,0.02,0.98,0.071,7CUT2,54.71999999999999
GPR55_HUMAN,1189.0,0.02,0.98,0.071,7CUT3,68.336
GPR55_HUMAN,1189.0,0.02,0.98,0.071,7CUT4,49.754000000000005
GPR55_HUMAN,1189.0,0.02,0.98,0.071,7CUT5,54.214
GPR55_HUMAN,1189.0,0.02,0.98,0.071,7CUT6,61.322
GPR55_HUMAN,1189.0,0.02,0.98,0.071,7CUT7,48.298
GRM2_HUMAN,391.0,0.092,0.97,0.163,7CUT0,51.38
GRM2_HUMAN,391.0,0.092,0.97,0.163,7CUT1,27.42
GRM2_HUMAN,391.0,0.092,0.97,0.163,7CUT2,55.39200000000001
GRM2_HUMAN,391.0,0.092,0.97,0.163,7CUT3,59.822
GRM2_HUMAN,391.0,0.092,0.97,0.163,7CUT4,45.884
GRM2_HUMAN,391.0,0.092,0.97,0.163,7CUT5,63.76199999999999
GRM2_HUMAN,391.0,0.092,0.97,0.163,7CUT6,65.202
GRM2_HUMAN,391.0,0.092,0.97,0.163,7CUT7,50.094
V2R_HUMAN,442.0,0.034,0.98,0.091,7CUT0,61.616
V2R_HUMAN,442.0,0.034,0.98,0.091,7CUT1,47.144
V2R_HUMAN,442.0,0.034,0.98,0.091,7CUT2,59.224
V2R_HUMAN,442.0,0.034,0.98,0.091,7CUT3,74.70599999999999
V2R_HUMAN,442.0,0.034,0.98,0.091,7CUT4,70.84
V2R_HUMAN,442.0,0.034,0.98,0.091,7CUT5,60.972
V2R_HUMAN,442.0,0.034,0.98,0.091,7CUT6,74.26599999999999
V2R_HUMAN,442.0,0.034,0.98,0.091,7CUT7,64.70599999999999
MTLR_HUMAN,302.0,0.054,0.97,0.122,7CUT0,61.016000000000005
MTLR_HUMAN,302.0,0.054,0.97,0.122,7CUT1,56.876
MTLR_HUMAN,302.0,0.054,0.97,0.122,7CUT2,82.38
MTLR_HUMAN,302.0,0.054,0.97,0.122,7CUT3,90.276
MTLR_HUMAN,302.0,0.054,0.97,0.122,7CUT4,50.206
MTLR_HUMAN,302.0,0.054,0.97,0.122,7CUT5,62.076
MTLR_HUMAN,302.0,0.054,0.97,0.122,7CUT6,61.356
MTLR_HUMAN,302.0,0.054,0.97,0.122,7CUT7,40.30800000000001
EDNRA_HUMAN,191.0,0.084,0.96,0.185,7CUT0,97.1
EDNRA_HUMAN,191.0,0.084,0.96,0.185,7CUT1,91.848
EDNRA_HUMAN,191.0,0.084,0.96,0.185,7CUT2,89.008
EDNRA_HUMAN,191.0,0.084,0.96,0.185,7CUT3,95.06199999999998
EDNRA_HUMAN,191.0,0.084,0.96,0.185,7CUT4,91.93800000000002
EDNRA_HUMAN,191.0,0.084,0.96,0.185,7CUT5,98.55
EDNRA_HUMAN,191.0,0.084,0.96,0.185,7CUT6,90.0
EDNRA_HUMAN,191.0,0.084,0.96,0.185,7CUT7,40.332
CCR5_HUMAN,995.0,0.113,0.97,0.186,7CUT0,84.26199999999999
CCR5_HUMAN,995.0,0.113,0.97,0.186,7CUT1,82.60600000000001
CCR5_HUMAN,995.0,0.113,0.97,0.186,7CUT2,79.796
CCR5_HUMAN,995.0,0.113,0.97,0.186,7CUT3,88.33599999999998
CCR5_HUMAN,995.0,0.113,0.97,0.186,7CUT4,64.196
CCR5_HUMAN,995.0,0.113,0.97,0.186,7CUT5,92.412
CCR5_HUMAN,995.0,0.113,0.97,0.186,7CUT6,61.562
CCR5_HUMAN,995.0,0.113,0.97,0.186,7CUT7,88.24
NPFF2_HUMAN,41.0,0.061,0.94,0.138,7CUT0,40.16
NPFF2_HUMAN,41.0,0.061,0.94,0.138,7CUT1,24.342
NPFF2_HUMAN,41.0,0.061,0.94,0.138,7CUT2,32.306
NPFF2_HUMAN,41.0,0.061,0.94,0.138,7CUT3,72.88200000000002
NPFF2_HUMAN,41.0,0.061,0.94,0.138,7CUT4,55.24
NPFF2_HUMAN,41.0,0.061,0.94,0.138,7CUT5,53.644000000000005
NPFF2_HUMAN,41.0,0.061,0.94,0.138,7CUT6,57.938
NPFF2_HUMAN,41.0,0.061,0.94,0.138,7CUT7,32.79
GNRHR_HUMAN,561.0,0.19,0.94,0.236,7CUT0,48.510000000000005
GNRHR_HUMAN,561.0,0.19,0.94,0.236,7CUT1,52.858
GNRHR_HUMAN,561.0,0.19,0.94,0.236,7CUT2,61.348
GNRHR_HUMAN,561.0,0.19,0.94,0.236,7CUT3,67.638
GNRHR_HUMAN,561.0,0.19,0.94,0.236,7CUT4,50.826
GNRHR_HUMAN,561.0,0.19,0.94,0.236,7CUT5,56.438
GNRHR_HUMAN,561.0,0.19,0.94,0.236,7CUT6,47.92
GNRHR_HUMAN,561.0,0.19,0.94,0.236,7CUT7,
NTR2_HUMAN,10.0,0.003,0.99,0.044,7CUT0,52.452
NTR2_HUMAN,10.0,0.003,0.99,0.044,7CUT1,36.13
NTR2_HUMAN,10.0,0.003,0.99,0.044,7CUT2,62.226
NTR2_HUMAN,10.0,0.003,0.99,0.044,7CUT3,86.48600000000002
NTR2_HUMAN,10.0,0.003,0.99,0.044,7CUT4,59.436
NTR2_HUMAN,10.0,0.003,0.99,0.044,7CUT5,53.186
NTR2_HUMAN,10.0,0.003,0.99,0.044,7CUT6,63.428
NTR2_HUMAN,10.0,0.003,0.99,0.044,7CUT7,42.664
NPSR1_HUMAN,6320.0,0.053,0.88,0.097,7CUT0,52.938
NPSR1_HUMAN,6320.0,0.053,0.88,0.097,7CUT1,58.332
NPSR1_HUMAN,6320.0,0.053,0.88,0.097,7CUT2,58.304
NPSR1_HUMAN,6320.0,0.053,0.88,0.097,7CUT3,57.63399999999999
NPSR1_HUMAN,6320.0,0.053,0.88,0.097,7CUT4,69.03
NPSR1_HUMAN,6320.0,0.053,0.88,0.097,7CUT5,57.188
NPSR1_HUMAN,6320.0,0.053,0.88,0.097,7CUT6,61.982000000000006
NPSR1_HUMAN,6320.0,0.053,0.88,0.097,7CUT7,38.822
GPR18_HUMAN,25.0,0.039,0.9,0.149,7CUT0,48.942
GPR18_HUMAN,25.0,0.039,0.9,0.149,7CUT1,49.412
GPR18_HUMAN,25.0,0.039,0.9,0.149,7CUT2,65.932
GPR18_HUMAN,25.0,0.039,0.9,0.149,7CUT3,68.626
GPR18_HUMAN,25.0,0.039,0.9,0.149,7CUT4,56.134
GPR18_HUMAN,25.0,0.039,0.9,0.149,7CUT5,51.330000000000005
GPR18_HUMAN,25.0,0.039,0.9,0.149,7CUT6,54.91
GPR18_HUMAN,25.0,0.039,0.9,0.149,7CUT7,48.236
CLTR2_HUMAN,172.0,0.048,0.99,0.101,7CUT0,55.092000000000006
CLTR2_HUMAN,172.0,0.048,0.99,0.101,7CUT1,53.08
CLTR2_HUMAN,172.0,0.048,0.99,0.101,7CUT2,67.93199999999999
CLTR2_HUMAN,172.0,0.048,0.99,0.101,7CUT3,77.50200000000001
CLTR2_HUMAN,172.0,0.048,0.99,0.101,7CUT4,54.85799999999999
CLTR2_HUMAN,172.0,0.048,0.99,0.101,7CUT5,52.99
CLTR2_HUMAN,172.0,0.048,0.99,0.101,7CUT6,60.79
CLTR2_HUMAN,172.0,0.048,0.99,0.101,7CUT7,47.06
GRM4_HUMAN,60.0,0.132,0.77,0.237,7CUT0,63.866
GRM4_HUMAN,60.0,0.132,0.77,0.237,7CUT1,41.378
GRM4_HUMAN,60.0,0.132,0.77,0.237,7CUT2,56.260000000000005
GRM4_HUMAN,60.0,0.132,0.77,0.237,7CUT3,57.09400000000001
GRM4_HUMAN,60.0,0.132,0.77,0.237,7CUT4,84.546
GRM4_HUMAN,60.0,0.132,0.77,0.237,7CUT5,85.072
GRM4_HUMAN,60.0,0.132,0.77,0.237,7CUT6,89.88199999999999
GRM4_HUMAN,60.0,0.132,0.77,0.237,7CUT7,85.77199999999999
GPR34_HUMAN,49.0,0.005,0.98,0.043,7CUT0,54.08
GPR34_HUMAN,49.0,0.005,0.98,0.043,7CUT1,37.704
GPR34_HUMAN,49.0,0.005,0.98,0.043,7CUT2,73.57
GPR34_HUMAN,49.0,0.005,0.98,0.043,7CUT3,69.44
GPR34_HUMAN,49.0,0.005,0.98,0.043,7CUT4,62.834
GPR34_HUMAN,49.0,0.005,0.98,0.043,7CUT5,53.552
GPR34_HUMAN,49.0,0.005,0.98,0.043,7CUT6,67.006
GPR34_HUMAN,49.0,0.005,0.98,0.043,7CUT7,43.596
PE2R3_HUMAN,271.0,0.032,0.99,0.099,7CUT0,58.870000000000005
PE2R3_HUMAN,271.0,0.032,0.99,0.099,7CUT1,36.108
PE2R3_HUMAN,271.0,0.032,0.99,0.099,7CUT2,71.778
PE2R3_HUMAN,271.0,0.032,0.99,0.099,7CUT3,71.19
PE2R3_HUMAN,271.0,0.032,0.99,0.099,7CUT4,61.85600000000001
PE2R3_HUMAN,271.0,0.032,0.99,0.099,7CUT5,62.758
PE2R3_HUMAN,271.0,0.032,0.99,0.099,7CUT6,73.784
PE2R3_HUMAN,271.0,0.032,0.99,0.099,7CUT7,62.352
NK2R_HUMAN,10.0,0.384,0.93,0.324,7CUT0,76.81599999999999
NK2R_HUMAN,10.0,0.384,0.93,0.324,7CUT1,41.398
NK2R_HUMAN,10.0,0.384,0.93,0.324,7CUT2,82.38
NK2R_HUMAN,10.0,0.384,0.93,0.324,7CUT3,88.452
NK2R_HUMAN,10.0,0.384,0.93,0.324,7CUT4,78.514
NK2R_HUMAN,10.0,0.384,0.93,0.324,7CUT5,88.616
NK2R_HUMAN,10.0,0.384,0.93,0.324,7CUT6,91.59399999999998
NK2R_HUMAN,10.0,0.384,0.93,0.324,7CUT7,53.54200000000001
DRD5_HUMAN,4.0,0.0,1.0,0.012,7CUT0,57.91799999999999
DRD5_HUMAN,4.0,0.0,1.0,0.012,7CUT1,41.69
DRD5_HUMAN,4.0,0.0,1.0,0.012,7CUT2,77.244
DRD5_HUMAN,4.0,0.0,1.0,0.012,7CUT3,91.67
DRD5_HUMAN,4.0,0.0,1.0,0.012,7CUT4,64.58
DRD5_HUMAN,4.0,0.0,1.0,0.012,7CUT5,62.036
DRD5_HUMAN,4.0,0.0,1.0,0.012,7CUT6,40.956
DRD5_HUMAN,4.0,0.0,1.0,0.012,7CUT7,41.456
SSR4_HUMAN,8.0,0.108,0.94,0.304,7CUT0,57.888
SSR4_HUMAN,8.0,0.108,0.94,0.304,7CUT1,38.5
SSR4_HUMAN,8.0,0.108,0.94,0.304,7CUT2,82.52799999999999
SSR4_HUMAN,8.0,0.108,0.94,0.304,7CUT3,80.112
SSR4_HUMAN,8.0,0.108,0.94,0.304,7CUT4,66.34
SSR4_HUMAN,8.0,0.108,0.94,0.304,7CUT5,69.70199999999998
SSR4_HUMAN,8.0,0.108,0.94,0.304,7CUT6,54.564
SSR4_HUMAN,8.0,0.108,0.94,0.304,7CUT7,37.77
5HT2B_HUMAN,496.0,0.277,0.84,0.317,7CUT0,71.766
5HT2B_HUMAN,496.0,0.277,0.84,0.317,7CUT1,37.0
5HT2B_HUMAN,496.0,0.277,0.84,0.317,7CUT2,64.52
5HT2B_HUMAN,496.0,0.277,0.84,0.317,7CUT3,93.972
5HT2B_HUMAN,496.0,0.277,0.84,0.317,7CUT4,77.426
5HT2B_HUMAN,496.0,0.277,0.84,0.317,7CUT5,83.56800000000001
5HT2B_HUMAN,496.0,0.277,0.84,0.317,7CUT6,84.138
5HT2B_HUMAN,496.0,0.277,0.84,0.317,7CUT7,65.892
ACKR3_HUMAN,43.0,0.294,0.83,0.463,7CUT0,50.53
ACKR3_HUMAN,43.0,0.294,0.83,0.463,7CUT1,43.574
ACKR3_HUMAN,43.0,0.294,0.83,0.463,7CUT2,56.852
ACKR3_HUMAN,43.0,0.294,0.83,0.463,7CUT3,71.62
ACKR3_HUMAN,43.0,0.294,0.83,0.463,7CUT4,58.202
ACKR3_HUMAN,43.0,0.294,0.83,0.463,7CUT5,63.470000000000006
ACKR3_HUMAN,43.0,0.294,0.83,0.463,7CUT6,60.42
ACKR3_HUMAN,43.0,0.294,0.83,0.463,7CUT7,58.82000000000001
HCAR2_HUMAN,807.0,0.084,0.95,0.161,7CUT0,76.47999999999999
HCAR2_HUMAN,807.0,0.084,0.95,0.161,7CUT1,38.858
HCAR2_HUMAN,807.0,0.084,0.95,0.161,7CUT2,88.40599999999999
HCAR2_HUMAN,807.0,0.084,0.95,0.161,7CUT3,92.498
HCAR2_HUMAN,807.0,0.084,0.95,0.161,7CUT4,75.196
HCAR2_HUMAN,807.0,0.084,0.95,0.161,7CUT5,79.19000000000001
HCAR2_HUMAN,807.0,0.084,0.95,0.161,7CUT6,79.006
HCAR2_HUMAN,807.0,0.084,0.95,0.161,7CUT7,54.040000000000006
P2RY6_HUMAN,275.0,0.068,0.95,0.144,7CUT0,57.984
P2RY6_HUMAN,275.0,0.068,0.95,0.144,7CUT1,55.778
P2RY6_HUMAN,275.0,0.068,0.95,0.144,7CUT2,71.74600000000001
P2RY6_HUMAN,275.0,0.068,0.95,0.144,7CUT3,79.724
P2RY6_HUMAN,275.0,0.068,0.95,0.144,7CUT4,65.034
P2RY6_HUMAN,275.0,0.068,0.95,0.144,7CUT5,64.55799999999999
P2RY6_HUMAN,275.0,0.068,0.95,0.144,7CUT6,50.236
P2RY6_HUMAN,275.0,0.068,0.95,0.144,7CUT7,38.824
S1PR5_HUMAN,262.0,0.211,0.91,0.188,7CUT0,54.676
S1PR5_HUMAN,262.0,0.211,0.91,0.188,7CUT1,41.354
S1PR5_HUMAN,262.0,0.211,0.91,0.188,7CUT2,63.498000000000005
S1PR5_HUMAN,262.0,0.211,0.91,0.188,7CUT3,74.44399999999999
S1PR5_HUMAN,262.0,0.211,0.91,0.188,7CUT4,75.244
S1PR5_HUMAN,262.0,0.211,0.91,0.188,7CUT5,53.784000000000006
S1PR5_HUMAN,262.0,0.211,0.91,0.188,7CUT6,63.95
S1PR5_HUMAN,262.0,0.211,0.91,0.188,7CUT7,29.03
PKR1_HUMAN,54.0,0.006,1.0,0.059,7CUT0,44.242
PKR1_HUMAN,54.0,0.006,1.0,0.059,7CUT1,35.042
PKR1_HUMAN,54.0,0.006,1.0,0.059,7CUT2,66.488
PKR1_HUMAN,54.0,0.006,1.0,0.059,7CUT3,61.35
PKR1_HUMAN,54.0,0.006,1.0,0.059,7CUT4,50.724
PKR1_HUMAN,54.0,0.006,1.0,0.059,7CUT5,48.98
PKR1_HUMAN,54.0,0.006,1.0,0.059,7CUT6,53.076
PKR1_HUMAN,54.0,0.006,1.0,0.059,7CUT7,41.176
ADRB3_HUMAN,1490.0,0.101,0.96,0.147,7CUT0,86.20000000000002
ADRB3_HUMAN,1490.0,0.101,0.96,0.147,7CUT1,92.858
ADRB3_HUMAN,1490.0,0.101,0.96,0.147,7CUT2,94.186
ADRB3_HUMAN,1490.0,0.101,0.96,0.147,7CUT3,98.332
ADRB3_HUMAN,1490.0,0.101,0.96,0.147,7CUT4,98.418
ADRB3_HUMAN,1490.0,0.101,0.96,0.147,7CUT5,87.606
ADRB3_HUMAN,1490.0,0.101,0.96,0.147,7CUT6,90.0
ADRB3_HUMAN,1490.0,0.101,0.96,0.147,7CUT7,35.29
5HT7R_HUMAN,49.0,0.167,0.91,0.21,7CUT0,59.982000000000006
5HT7R_HUMAN,49.0,0.167,0.91,0.21,7CUT1,29.184000000000005
5HT7R_HUMAN,49.0,0.167,0.91,0.21,7CUT2,50.536
5HT7R_HUMAN,49.0,0.167,0.91,0.21,7CUT3,94.52
5HT7R_HUMAN,49.0,0.167,0.91,0.21,7CUT4,92.98600000000002
5HT7R_HUMAN,49.0,0.167,0.91,0.21,7CUT5,87.2
5HT7R_HUMAN,49.0,0.167,0.91,0.21,7CUT6,67.998
5HT7R_HUMAN,49.0,0.167,0.91,0.21,7CUT7,32.414
GPR39_HUMAN,65.0,0.149,0.96,0.222,7CUT0,43.48799999999999
GPR39_HUMAN,65.0,0.149,0.96,0.222,7CUT1,40.384
GPR39_HUMAN,65.0,0.149,0.96,0.222,7CUT2,57.684000000000005
GPR39_HUMAN,65.0,0.149,0.96,0.222,7CUT3,70.19800000000001
GPR39_HUMAN,65.0,0.149,0.96,0.222,7CUT4,43.58
GPR39_HUMAN,65.0,0.149,0.96,0.222,7CUT5,53.286
GPR39_HUMAN,65.0,0.149,0.96,0.222,7CUT6,50.338
GPR39_HUMAN,65.0,0.149,0.96,0.222,7CUT7,31.078
PE2R4_HUMAN,460.0,0.564,0.76,0.52,7CUT0,58.666
PE2R4_HUMAN,460.0,0.564,0.76,0.52,7CUT1,49.028
PE2R4_HUMAN,460.0,0.564,0.76,0.52,7CUT2,72.45599999999999
PE2R4_HUMAN,460.0,0.564,0.76,0.52,7CUT3,83.52799999999999
PE2R4_HUMAN,460.0,0.564,0.76,0.52,7CUT4,63.264
PE2R4_HUMAN,460.0,0.564,0.76,0.52,7CUT5,61.912
PE2R4_HUMAN,460.0,0.564,0.76,0.52,7CUT6,46.79600000000001
PE2R4_HUMAN,460.0,0.564,0.76,0.52,7CUT7,71.788
BKRB1_HUMAN,873.0,0.145,0.95,0.175,7CUT0,94.282
BKRB1_HUMAN,873.0,0.145,0.95,0.175,7CUT1,85.834
BKRB1_HUMAN,873.0,0.145,0.95,0.175,7CUT2,93.898
BKRB1_HUMAN,873.0,0.145,0.95,0.175,7CUT3,96.11
BKRB1_HUMAN,873.0,0.145,0.95,0.175,7CUT4,98.38
BKRB1_HUMAN,873.0,0.145,0.95,0.175,7CUT5,92.68800000000002
BKRB1_HUMAN,873.0,0.145,0.95,0.175,7CUT6,82.37799999999999
BKRB1_HUMAN,873.0,0.145,0.95,0.175,7CUT7,85.886
PTH1R_HUMAN,18.0,0.55,0.92,0.635,7CUT0,39.496
PTH1R_HUMAN,18.0,0.55,0.92,0.635,7CUT1,25.898000000000003
PTH1R_HUMAN,18.0,0.55,0.92,0.635,7CUT2,38.634
PTH1R_HUMAN,18.0,0.55,0.92,0.635,7CUT3,54.74
PTH1R_HUMAN,18.0,0.55,0.92,0.635,7CUT4,69.222
PTH1R_HUMAN,18.0,0.55,0.92,0.635,7CUT5,64.78200000000001
PTH1R_HUMAN,18.0,0.55,0.92,0.635,7CUT6,40.8
PTH1R_HUMAN,18.0,0.55,0.92,0.635,7CUT7,29.998
MRGX1_HUMAN,140.0,0.038,0.98,0.108,7CUT0,51.374
MRGX1_HUMAN,140.0,0.038,0.98,0.108,7CUT1,56.19000000000001
MRGX1_HUMAN,140.0,0.038,0.98,0.108,7CUT2,63.77
MRGX1_HUMAN,140.0,0.038,0.98,0.108,7CUT3,60.936
MRGX1_HUMAN,140.0,0.038,0.98,0.108,7CUT4,51.232000000000006
MRGX1_HUMAN,140.0,0.038,0.98,0.108,7CUT5,60.534000000000006
MRGX1_HUMAN,140.0,0.038,0.98,0.108,7CUT6,57.234
MRGX1_HUMAN,140.0,0.038,0.98,0.108,7CUT7,44.44
RXFP2_HUMAN,6.0,0.0,1.0,0.013,7CUT0,32.738
RXFP2_HUMAN,6.0,0.0,1.0,0.013,7CUT1,17.72
RXFP2_HUMAN,6.0,0.0,1.0,0.013,7CUT2,28.62
RXFP2_HUMAN,6.0,0.0,1.0,0.013,7CUT3,53.36
RXFP2_HUMAN,6.0,0.0,1.0,0.013,7CUT4,55.752
RXFP2_HUMAN,6.0,0.0,1.0,0.013,7CUT5,63.806
RXFP2_HUMAN,6.0,0.0,1.0,0.013,7CUT6,63.262
RXFP2_HUMAN,6.0,0.0,1.0,0.013,7CUT7,38.048
KISSR_HUMAN,236.0,0.073,0.98,0.132,7CUT0,53.182
KISSR_HUMAN,236.0,0.073,0.98,0.132,7CUT1,43.982
KISSR_HUMAN,236.0,0.073,0.98,0.132,7CUT2,72.66399999999999
KISSR_HUMAN,236.0,0.073,0.98,0.132,7CUT3,76.112
KISSR_HUMAN,236.0,0.073,0.98,0.132,7CUT4,62.95399999999999
KISSR_HUMAN,236.0,0.073,0.98,0.132,7CUT5,56.314
KISSR_HUMAN,236.0,0.073,0.98,0.132,7CUT6,62.414
KISSR_HUMAN,236.0,0.073,0.98,0.132,7CUT7,30.582
MCHR2_HUMAN,58.0,0.126,0.97,0.198,7CUT0,48.55800000000001
MCHR2_HUMAN,58.0,0.126,0.97,0.198,7CUT1,42.66
MCHR2_HUMAN,58.0,0.126,0.97,0.198,7CUT2,65.16400000000002
MCHR2_HUMAN,58.0,0.126,0.97,0.198,7CUT3,67.044
MCHR2_HUMAN,58.0,0.126,0.97,0.198,7CUT4,58.67
MCHR2_HUMAN,58.0,0.126,0.97,0.198,7CUT5,55.33399999999999
MCHR2_HUMAN,58.0,0.126,0.97,0.198,7CUT6,57.226
MCHR2_HUMAN,58.0,0.126,0.97,0.198,7CUT7,51.764
SUCR1_HUMAN,92.0,0.032,0.98,0.092,7CUT0,57.75
SUCR1_HUMAN,92.0,0.032,0.98,0.092,7CUT1,38.738
SUCR1_HUMAN,92.0,0.032,0.98,0.092,7CUT2,69.78999999999999
SUCR1_HUMAN,92.0,0.032,0.98,0.092,7CUT3,76.93800000000002
SUCR1_HUMAN,92.0,0.032,0.98,0.092,7CUT4,62.63800000000001
SUCR1_HUMAN,92.0,0.032,0.98,0.092,7CUT5,56.866
SUCR1_HUMAN,92.0,0.032,0.98,0.092,7CUT6,63.196000000000005
SUCR1_HUMAN,92.0,0.032,0.98,0.092,7CUT7,43.532
LPAR1_HUMAN,340.0,0.116,0.91,0.168,7CUT0,71.146
LPAR1_HUMAN,340.0,0.116,0.91,0.168,7CUT1,75.002
LPAR1_HUMAN,340.0,0.116,0.91,0.168,7CUT2,67.19200000000001
LPAR1_HUMAN,340.0,0.116,0.91,0.168,7CUT3,80.6
LPAR1_HUMAN,340.0,0.116,0.91,0.168,7CUT4,83.044
LPAR1_HUMAN,340.0,0.116,0.91,0.168,7CUT5,61.760000000000005
LPAR1_HUMAN,340.0,0.116,0.91,0.168,7CUT6,64.47200000000001
LPAR1_HUMAN,340.0,0.116,0.91,0.168,7CUT7,40.032
PE2R1_HUMAN,318.0,0.048,0.98,0.126,7CUT0,56.914
PE2R1_HUMAN,318.0,0.048,0.98,0.126,7CUT1,50.908
PE2R1_HUMAN,318.0,0.048,0.98,0.126,7CUT2,67.556
PE2R1_HUMAN,318.0,0.048,0.98,0.126,7CUT3,74.34200000000001
PE2R1_HUMAN,318.0,0.048,0.98,0.126,7CUT4,73.796
PE2R1_HUMAN,318.0,0.048,0.98,0.126,7CUT5,50.19
PE2R1_HUMAN,318.0,0.048,0.98,0.126,7CUT6,66.576
PE2R1_HUMAN,318.0,0.048,0.98,0.126,7CUT7,45.45
PE2R2_HUMAN,261.0,0.14,0.96,0.222,7CUT0,57.722
PE2R2_HUMAN,261.0,0.14,0.96,0.222,7CUT1,38.178
PE2R2_HUMAN,261.0,0.14,0.96,0.222,7CUT2,62.38
PE2R2_HUMAN,261.0,0.14,0.96,0.222,7CUT3,71.648
PE2R2_HUMAN,261.0,0.14,0.96,0.222,7CUT4,67.288
PE2R2_HUMAN,261.0,0.14,0.96,0.222,7CUT5,56.74000000000001
PE2R2_HUMAN,261.0,0.14,0.96,0.222,7CUT6,72.432
PE2R2_HUMAN,261.0,0.14,0.96,0.222,7CUT7,52.94
GPR52_HUMAN,30.0,0.004,0.99,0.053,7CUT0,42.492
GPR52_HUMAN,30.0,0.004,0.99,0.053,7CUT1,39.076
GPR52_HUMAN,30.0,0.004,0.99,0.053,7CUT2,66.90799999999999
GPR52_HUMAN,30.0,0.004,0.99,0.053,7CUT3,56.268
GPR52_HUMAN,30.0,0.004,0.99,0.053,7CUT4,55.734
GPR52_HUMAN,30.0,0.004,0.99,0.053,7CUT5,40.988
GPR52_HUMAN,30.0,0.004,0.99,0.053,7CUT6,56.902
GPR52_HUMAN,30.0,0.004,0.99,0.053,7CUT7,41.572
P2RY4_HUMAN,226.0,0.059,0.95,0.129,7CUT0,60.86199999999999
P2RY4_HUMAN,226.0,0.059,0.95,0.129,7CUT1,38.83
P2RY4_HUMAN,226.0,0.059,0.95,0.129,7CUT2,65.53
P2RY4_HUMAN,226.0,0.059,0.95,0.129,7CUT3,82.63399999999999
P2RY4_HUMAN,226.0,0.059,0.95,0.129,7CUT4,66.53599999999999
P2RY4_HUMAN,226.0,0.059,0.95,0.129,7CUT5,68.35
P2RY4_HUMAN,226.0,0.059,0.95,0.129,7CUT6,66.526
P2RY4_HUMAN,226.0,0.059,0.95,0.129,7CUT7,34.876
GALR2_HUMAN,40.0,0.006,0.98,0.059,7CUT0,48.904
GALR2_HUMAN,40.0,0.006,0.98,0.059,7CUT1,36.588
GALR2_HUMAN,40.0,0.006,0.98,0.059,7CUT2,71.926
GALR2_HUMAN,40.0,0.006,0.98,0.059,7CUT3,75.83200000000001
GALR2_HUMAN,40.0,0.006,0.98,0.059,7CUT4,58.83599999999999
GALR2_HUMAN,40.0,0.006,0.98,0.059,7CUT5,50.66
GALR2_HUMAN,40.0,0.006,0.98,0.059,7CUT6,48.394
GALR2_HUMAN,40.0,0.006,0.98,0.059,7CUT7,33.656
P2RY1_HUMAN,323.0,1.024,0.77,0.693,7CUT0,66.614
P2RY1_HUMAN,323.0,1.024,0.77,0.693,7CUT1,48.684000000000005
P2RY1_HUMAN,323.0,1.024,0.77,0.693,7CUT2,78.496
P2RY1_HUMAN,323.0,1.024,0.77,0.693,7CUT3,79.444
P2RY1_HUMAN,323.0,1.024,0.77,0.693,7CUT4,71.172
P2RY1_HUMAN,323.0,1.024,0.77,0.693,7CUT5,73.188
P2RY1_HUMAN,323.0,1.024,0.77,0.693,7CUT6,66.118
P2RY1_HUMAN,323.0,1.024,0.77,0.693,7CUT7,69.412
BKRB2_HUMAN,200.0,0.021,0.99,0.078,7CUT0,80.91399999999999
BKRB2_HUMAN,200.0,0.021,0.99,0.078,7CUT1,40.122
BKRB2_HUMAN,200.0,0.021,0.99,0.078,7CUT2,77.98599999999999
BKRB2_HUMAN,200.0,0.021,0.99,0.078,7CUT3,94.44
BKRB2_HUMAN,200.0,0.021,0.99,0.078,7CUT4,93.158
BKRB2_HUMAN,200.0,0.021,0.99,0.078,7CUT5,95.56
BKRB2_HUMAN,200.0,0.021,0.99,0.078,7CUT6,85.71
BKRB2_HUMAN,200.0,0.021,0.99,0.078,7CUT7,83.01199999999999
ADA2B_HUMAN,167.0,0.147,0.93,0.18,7CUT0,54.402
ADA2B_HUMAN,167.0,0.147,0.93,0.18,7CUT1,42.5
ADA2B_HUMAN,167.0,0.147,0.93,0.18,7CUT2,75.93
ADA2B_HUMAN,167.0,0.147,0.93,0.18,7CUT3,92.226
ADA2B_HUMAN,167.0,0.147,0.93,0.18,7CUT4,72.05199999999999
ADA2B_HUMAN,167.0,0.147,0.93,0.18,7CUT5,34.834
ADA2B_HUMAN,167.0,0.147,0.93,0.18,7CUT6,83.91599999999998
ADA2B_HUMAN,167.0,0.147,0.93,0.18,7CUT7,
GHSR_HUMAN,1476.0,0.122,0.93,0.18,7CUT0,68.13199999999999
GHSR_HUMAN,1476.0,0.122,0.93,0.18,7CUT1,42.094
GHSR_HUMAN,1476.0,0.122,0.93,0.18,7CUT2,80.61800000000001
GHSR_HUMAN,1476.0,0.122,0.93,0.18,7CUT3,81.104
GHSR_HUMAN,1476.0,0.122,0.93,0.18,7CUT4,60.83200000000001
GHSR_HUMAN,1476.0,0.122,0.93,0.18,7CUT5,69.546
GHSR_HUMAN,1476.0,0.122,0.93,0.18,7CUT6,77.91600000000001
GHSR_HUMAN,1476.0,0.122,0.93,0.18,7CUT7,63.984
CXCR2_HUMAN,341.0,0.617,0.81,0.472,7CUT0,82.84800000000001
CXCR2_HUMAN,341.0,0.617,0.81,0.472,7CUT1,49.6
CXCR2_HUMAN,341.0,0.617,0.81,0.472,7CUT2,84.052
CXCR2_HUMAN,341.0,0.617,0.81,0.472,7CUT3,95.784
CXCR2_HUMAN,341.0,0.617,0.81,0.472,7CUT4,76.42200000000001
CXCR2_HUMAN,341.0,0.617,0.81,0.472,7CUT5,95.86
CXCR2_HUMAN,341.0,0.617,0.81,0.472,7CUT6,92.812
CXCR2_HUMAN,341.0,0.617,0.81,0.472,7CUT7,82.35600000000001
UR2R_HUMAN,226.0,0.076,0.95,0.146,7CUT0,53.33200000000001
UR2R_HUMAN,226.0,0.076,0.95,0.146,7CUT1,43.784000000000006
UR2R_HUMAN,226.0,0.076,0.95,0.146,7CUT2,55.266000000000005
UR2R_HUMAN,226.0,0.076,0.95,0.146,7CUT3,77.956
UR2R_HUMAN,226.0,0.076,0.95,0.146,7CUT4,74.356
UR2R_HUMAN,226.0,0.076,0.95,0.146,7CUT5,54.674
UR2R_HUMAN,226.0,0.076,0.95,0.146,7CUT6,57.17
UR2R_HUMAN,226.0,0.076,0.95,0.146,7CUT7,39.472
FFAR1_HUMAN,1895.0,0.163,0.91,0.205,7CUT0,89.324
FFAR1_HUMAN,1895.0,0.163,0.91,0.205,7CUT1,14.168
FFAR1_HUMAN,1895.0,0.163,0.91,0.205,7CUT2,87.6
FFAR1_HUMAN,1895.0,0.163,0.91,0.205,7CUT3,98.332
FFAR1_HUMAN,1895.0,0.163,0.91,0.205,7CUT4,93.648
FFAR1_HUMAN,1895.0,0.163,0.91,0.205,7CUT5,97.552
FFAR1_HUMAN,1895.0,0.163,0.91,0.205,7CUT6,90.106
FFAR1_HUMAN,1895.0,0.163,0.91,0.205,7CUT7,
GALR3_HUMAN,152.0,0.075,0.88,0.186,7CUT0,50.696
GALR3_HUMAN,152.0,0.075,0.88,0.186,7CUT1,52.222
GALR3_HUMAN,152.0,0.075,0.88,0.186,7CUT2,59.41
GALR3_HUMAN,152.0,0.075,0.88,0.186,7CUT3,75.31800000000001
GALR3_HUMAN,152.0,0.075,0.88,0.186,7CUT4,62.17199999999999
GALR3_HUMAN,152.0,0.075,0.88,0.186,7CUT5,48.478
GALR3_HUMAN,152.0,0.075,0.88,0.186,7CUT6,59.78
GALR3_HUMAN,152.0,0.075,0.88,0.186,7CUT7,36.16799999999999
PAR4_HUMAN,1898.0,0.277,0.9,0.292,7CUT0,43.99
PAR4_HUMAN,1898.0,0.277,0.9,0.292,7CUT1,32.448
PAR4_HUMAN,1898.0,0.277,0.9,0.292,7CUT2,54.284000000000006
PAR4_HUMAN,1898.0,0.277,0.9,0.292,7CUT3,73.888
PAR4_HUMAN,1898.0,0.277,0.9,0.292,7CUT4,56.82000000000001
PAR4_HUMAN,1898.0,0.277,0.9,0.292,7CUT5,49.35600000000001
PAR4_HUMAN,1898.0,0.277,0.9,0.292,7CUT6,48.66
PAR4_HUMAN,1898.0,0.277,0.9,0.292,7CUT7,41.18
LPAR6_HUMAN,8.0,0.099,0.86,0.211,7CUT0,55.712
LPAR6_HUMAN,8.0,0.099,0.86,0.211,7CUT1,57.5
LPAR6_HUMAN,8.0,0.099,0.86,0.211,7CUT2,72.196
LPAR6_HUMAN,8.0,0.099,0.86,0.211,7CUT3,81.318
LPAR6_HUMAN,8.0,0.099,0.86,0.211,7CUT4,54.724
LPAR6_HUMAN,8.0,0.099,0.86,0.211,7CUT5,61.144000000000005
LPAR6_HUMAN,8.0,0.099,0.86,0.211,7CUT6,50.17
LPAR6_HUMAN,8.0,0.099,0.86,0.211,7CUT7,51.764
PACR_HUMAN,29.0,0.215,0.88,0.422,7CUT0,41.778000000000006
PACR_HUMAN,29.0,0.215,0.88,0.422,7CUT1,32.501999999999995
PACR_HUMAN,29.0,0.215,0.88,0.422,7CUT2,31.812
PACR_HUMAN,29.0,0.215,0.88,0.422,7CUT3,60.702
PACR_HUMAN,29.0,0.215,0.88,0.422,7CUT4,67.924
PACR_HUMAN,29.0,0.215,0.88,0.422,7CUT5,65.046
PACR_HUMAN,29.0,0.215,0.88,0.422,7CUT6,70.744
PACR_HUMAN,29.0,0.215,0.88,0.422,7CUT7,40.32599999999999
FPR2_HUMAN,961.0,0.076,0.97,0.146,7CUT0,63.682
FPR2_HUMAN,961.0,0.076,0.97,0.146,7CUT1,45.716
FPR2_HUMAN,961.0,0.076,0.97,0.146,7CUT2,71.56800000000001
FPR2_HUMAN,961.0,0.076,0.97,0.146,7CUT3,83.33200000000001
FPR2_HUMAN,961.0,0.076,0.97,0.146,7CUT4,56.644000000000005
FPR2_HUMAN,961.0,0.076,0.97,0.146,7CUT5,70.972
FPR2_HUMAN,961.0,0.076,0.97,0.146,7CUT6,68.66799999999999
FPR2_HUMAN,961.0,0.076,0.97,0.146,7CUT7,55.294
GRM6_HUMAN,75.0,0.046,0.93,0.142,7CUT0,55.366
GRM6_HUMAN,75.0,0.046,0.93,0.142,7CUT1,38.246
GRM6_HUMAN,75.0,0.046,0.93,0.142,7CUT2,53.042
GRM6_HUMAN,75.0,0.046,0.93,0.142,7CUT3,59.366
GRM6_HUMAN,75.0,0.046,0.93,0.142,7CUT4,76.86
GRM6_HUMAN,75.0,0.046,0.93,0.142,7CUT5,82.992
GRM6_HUMAN,75.0,0.046,0.93,0.142,7CUT6,49.66
GRM6_HUMAN,75.0,0.046,0.93,0.142,7CUT7,32.634
V1AR_HUMAN,697.0,0.041,0.99,0.076,7CUT0,58.384
V1AR_HUMAN,697.0,0.041,0.99,0.076,7CUT1,43.48
V1AR_HUMAN,697.0,0.041,0.99,0.076,7CUT2,53.968
V1AR_HUMAN,697.0,0.041,0.99,0.076,7CUT3,66.446
V1AR_HUMAN,697.0,0.041,0.99,0.076,7CUT4,72.842
V1AR_HUMAN,697.0,0.041,0.99,0.076,7CUT5,61.71
V1AR_HUMAN,697.0,0.041,0.99,0.076,7CUT6,69.458
V1AR_HUMAN,697.0,0.041,0.99,0.076,7CUT7,50.072
GPR6_HUMAN,204.0,0.085,0.94,0.175,7CUT0,44.474
GPR6_HUMAN,204.0,0.085,0.94,0.175,7CUT1,32.028000000000006
GPR6_HUMAN,204.0,0.085,0.94,0.175,7CUT2,60.008
GPR6_HUMAN,204.0,0.085,0.94,0.175,7CUT3,57.45
GPR6_HUMAN,204.0,0.085,0.94,0.175,7CUT4,63.92999999999999
GPR6_HUMAN,204.0,0.085,0.94,0.175,7CUT5,51.346
GPR6_HUMAN,204.0,0.085,0.94,0.175,7CUT6,55.510000000000005
GPR6_HUMAN,204.0,0.085,0.94,0.175,7CUT7,
CCR6_HUMAN,438.0,0.011,0.99,0.061,7CUT0,59.35600000000001
CCR6_HUMAN,438.0,0.011,0.99,0.061,7CUT1,50.952
CCR6_HUMAN,438.0,0.011,0.99,0.061,7CUT2,71.54799999999999
CCR6_HUMAN,438.0,0.011,0.99,0.061,7CUT3,67.12
CCR6_HUMAN,438.0,0.011,0.99,0.061,7CUT4,58.748000000000005
CCR6_HUMAN,438.0,0.011,0.99,0.061,7CUT5,65.52
CCR6_HUMAN,438.0,0.011,0.99,0.061,7CUT6,68.75
CCR6_HUMAN,438.0,0.011,0.99,0.061,7CUT7,41.002
NPFF1_HUMAN,34.0,0.222,0.85,0.197,7CUT0,43.896
NPFF1_HUMAN,34.0,0.222,0.85,0.197,7CUT1,47.55
NPFF1_HUMAN,34.0,0.222,0.85,0.197,7CUT2,67.39200000000001
NPFF1_HUMAN,34.0,0.222,0.85,0.197,7CUT3,68.92999999999999
NPFF1_HUMAN,34.0,0.222,0.85,0.197,7CUT4,56.138
NPFF1_HUMAN,34.0,0.222,0.85,0.197,7CUT5,51.896
NPFF1_HUMAN,34.0,0.222,0.85,0.197,7CUT6,57.456
NPFF1_HUMAN,34.0,0.222,0.85,0.197,7CUT7,28.57
GASR_HUMAN,47.0,0.198,0.89,0.282,7CUT0,68.61800000000001
GASR_HUMAN,47.0,0.198,0.89,0.282,7CUT1,61.622
GASR_HUMAN,47.0,0.198,0.89,0.282,7CUT2,78.628
GASR_HUMAN,47.0,0.198,0.89,0.282,7CUT3,82.43
GASR_HUMAN,47.0,0.198,0.89,0.282,7CUT4,78.882
GASR_HUMAN,47.0,0.198,0.89,0.282,7CUT5,52.752
GASR_HUMAN,47.0,0.198,0.89,0.282,7CUT6,72.384
GASR_HUMAN,47.0,0.198,0.89,0.282,7CUT7,68.15
PD2R2_HUMAN,1688.0,0.1,0.94,0.188,7CUT0,53.288
PD2R2_HUMAN,1688.0,0.1,0.94,0.188,7CUT1,42.428
PD2R2_HUMAN,1688.0,0.1,0.94,0.188,7CUT2,67.442
PD2R2_HUMAN,1688.0,0.1,0.94,0.188,7CUT3,78.61
PD2R2_HUMAN,1688.0,0.1,0.94,0.188,7CUT4,59.272000000000006
PD2R2_HUMAN,1688.0,0.1,0.94,0.188,7CUT5,59.83200000000001
PD2R2_HUMAN,1688.0,0.1,0.94,0.188,7CUT6,60.152
PD2R2_HUMAN,1688.0,0.1,0.94,0.188,7CUT7,36.332
FFAR4_HUMAN,187.0,0.047,0.95,0.112,7CUT0,58.13
FFAR4_HUMAN,187.0,0.047,0.95,0.112,7CUT1,38.446
FFAR4_HUMAN,187.0,0.047,0.95,0.112,7CUT2,60.918000000000006
FFAR4_HUMAN,187.0,0.047,0.95,0.112,7CUT3,76.5
FFAR4_HUMAN,187.0,0.047,0.95,0.112,7CUT4,63.06600000000001
FFAR4_HUMAN,187.0,0.047,0.95,0.112,7CUT5,60.352
FFAR4_HUMAN,187.0,0.047,0.95,0.112,7CUT6,71.81799999999998
FFAR4_HUMAN,187.0,0.047,0.95,0.112,7CUT7,68.236
CXCR1_HUMAN,1.0,,,,7CUT0,82.51200000000001
CXCR1_HUMAN,1.0,,,,7CUT1,47.266
CXCR1_HUMAN,1.0,,,,7CUT2,81.79800000000002
CXCR1_HUMAN,1.0,,,,7CUT3,95.506
CXCR1_HUMAN,1.0,,,,7CUT4,81.686
CXCR1_HUMAN,1.0,,,,7CUT5,95.516
CXCR1_HUMAN,1.0,,,,7CUT6,91.252
CXCR1_HUMAN,1.0,,,,7CUT7,68.23600000000002
AA2AR_HUMAN,1056.0,0.046,0.98,0.097,7CUT0,82.428
AA2AR_HUMAN,1056.0,0.046,0.98,0.097,7CUT1,
AA2AR_HUMAN,1056.0,0.046,0.98,0.097,7CUT2,93.84600000000002
AA2AR_HUMAN,1056.0,0.046,0.98,0.097,7CUT3,98.284
AA2AR_HUMAN,1056.0,0.046,0.98,0.097,7CUT4,88.28999999999999
AA2AR_HUMAN,1056.0,0.046,0.98,0.097,7CUT5,92.118
AA2AR_HUMAN,1056.0,0.046,0.98,0.097,7CUT6,66.22800000000001
AA2AR_HUMAN,1056.0,0.046,0.98,0.097,7CUT7,64.91799999999999
NPY5R_HUMAN,296.0,0.058,0.97,0.137,7CUT0,50.036
NPY5R_HUMAN,296.0,0.058,0.97,0.137,7CUT1,53.95799999999999
NPY5R_HUMAN,296.0,0.058,0.97,0.137,7CUT2,72.502
NPY5R_HUMAN,296.0,0.058,0.97,0.137,7CUT3,69.354
NPY5R_HUMAN,296.0,0.058,0.97,0.137,7CUT4,71.42399999999999
NPY5R_HUMAN,296.0,0.058,0.97,0.137,7CUT5,29.322000000000003
NPY5R_HUMAN,296.0,0.058,0.97,0.137,7CUT6,70.164
NPY5R_HUMAN,296.0,0.058,0.97,0.137,7CUT7,
PF2R_HUMAN,12.0,0.04,0.99,0.125,7CUT0,68.83
PF2R_HUMAN,12.0,0.04,0.99,0.125,7CUT1,45.73
PF2R_HUMAN,12.0,0.04,0.99,0.125,7CUT2,70.04
PF2R_HUMAN,12.0,0.04,0.99,0.125,7CUT3,83.696
PF2R_HUMAN,12.0,0.04,0.99,0.125,7CUT4,75.096
PF2R_HUMAN,12.0,0.04,0.99,0.125,7CUT5,66.03
PF2R_HUMAN,12.0,0.04,0.99,0.125,7CUT6,76.42
PF2R_HUMAN,12.0,0.04,0.99,0.125,7CUT7,50.45399999999999
ACM2_HUMAN,367.0,0.074,0.97,0.147,7CUT0,94.64
ACM2_HUMAN,367.0,0.074,0.97,0.147,7CUT1,85.00200000000001
ACM2_HUMAN,367.0,0.074,0.97,0.147,7CUT2,77.16000000000001
ACM2_HUMAN,367.0,0.074,0.97,0.147,7CUT3,95.83
ACM2_HUMAN,367.0,0.074,0.97,0.147,7CUT4,91.67
ACM2_HUMAN,367.0,0.074,0.97,0.147,7CUT5,95.788
ACM2_HUMAN,367.0,0.074,0.97,0.147,7CUT6,88.89200000000001
ACM2_HUMAN,367.0,0.074,0.97,0.147,7CUT7,
APJ_HUMAN,301.0,0.21,0.96,0.288,7CUT0,53.316
APJ_HUMAN,301.0,0.21,0.96,0.288,7CUT1,39.224
APJ_HUMAN,301.0,0.21,0.96,0.288,7CUT2,61.532
APJ_HUMAN,301.0,0.21,0.96,0.288,7CUT3,76.39
APJ_HUMAN,301.0,0.21,0.96,0.288,7CUT4,60.2
APJ_HUMAN,301.0,0.21,0.96,0.288,7CUT5,57.448
APJ_HUMAN,301.0,0.21,0.96,0.288,7CUT6,63.85199999999999
APJ_HUMAN,301.0,0.21,0.96,0.288,7CUT7,30.43
5HT1F_HUMAN,6.0,0.0,1.0,0.005,7CUT0,63.02
5HT1F_HUMAN,6.0,0.0,1.0,0.005,7CUT1,49.568
5HT1F_HUMAN,6.0,0.0,1.0,0.005,7CUT2,64.108
5HT1F_HUMAN,6.0,0.0,1.0,0.005,7CUT3,86.112
5HT1F_HUMAN,6.0,0.0,1.0,0.005,7CUT4,76.28399999999999
5HT1F_HUMAN,6.0,0.0,1.0,0.005,7CUT5,53.55999999999999
5HT1F_HUMAN,6.0,0.0,1.0,0.005,7CUT6,78.38
5HT1F_HUMAN,6.0,0.0,1.0,0.005,7CUT7,
5HT2A_HUMAN,531.0,0.091,0.95,0.157,7CUT0,92.782
5HT2A_HUMAN,531.0,0.091,0.95,0.157,7CUT1,92.27
5HT2A_HUMAN,531.0,0.091,0.95,0.157,7CUT2,98.418
5HT2A_HUMAN,531.0,0.091,0.95,0.157,7CUT3,96.438
5HT2A_HUMAN,531.0,0.091,0.95,0.157,7CUT4,91.64399999999998
5HT2A_HUMAN,531.0,0.091,0.95,0.157,7CUT5,90.23
5HT2A_HUMAN,531.0,0.091,0.95,0.157,7CUT6,68.63
5HT2A_HUMAN,531.0,0.091,0.95,0.157,7CUT7,87.586
SSR1_HUMAN,6.0,0.104,0.99,0.252,7CUT0,56.886
SSR1_HUMAN,6.0,0.104,0.99,0.252,7CUT1,36.204
SSR1_HUMAN,6.0,0.104,0.99,0.252,7CUT2,68.372
SSR1_HUMAN,6.0,0.104,0.99,0.252,7CUT3,79.30600000000001
SSR1_HUMAN,6.0,0.104,0.99,0.252,7CUT4,65.148
SSR1_HUMAN,6.0,0.104,0.99,0.252,7CUT5,64.546
SSR1_HUMAN,6.0,0.104,0.99,0.252,7CUT6,66.16799999999999
SSR1_HUMAN,6.0,0.104,0.99,0.252,7CUT7,37.366
S1PR1_HUMAN,3104.0,0.081,0.98,0.139,7CUT0,79.33200000000001
S1PR1_HUMAN,3104.0,0.081,0.98,0.139,7CUT1,53.16
S1PR1_HUMAN,3104.0,0.081,0.98,0.139,7CUT2,63.552
S1PR1_HUMAN,3104.0,0.081,0.98,0.139,7CUT3,92.052
S1PR1_HUMAN,3104.0,0.081,0.98,0.139,7CUT4,94.33
S1PR1_HUMAN,3104.0,0.081,0.98,0.139,7CUT5,67.694
S1PR1_HUMAN,3104.0,0.081,0.98,0.139,7CUT6,68.98
S1PR1_HUMAN,3104.0,0.081,0.98,0.139,7CUT7,61.306
PRLHR_HUMAN,60.0,0.023,0.98,0.083,7CUT0,50.176
PRLHR_HUMAN,60.0,0.023,0.98,0.083,7CUT1,36.22
PRLHR_HUMAN,60.0,0.023,0.98,0.083,7CUT2,71.426
PRLHR_HUMAN,60.0,0.023,0.98,0.083,7CUT3,70.58200000000001
PRLHR_HUMAN,60.0,0.023,0.98,0.083,7CUT4,59.13199999999999
PRLHR_HUMAN,60.0,0.023,0.98,0.083,7CUT5,55.294
PRLHR_HUMAN,60.0,0.023,0.98,0.083,7CUT6,61.71
PRLHR_HUMAN,60.0,0.023,0.98,0.083,7CUT7,51.176
T2R31_HUMAN,2.0,0.072,,0.268,7CUT0,36.46
T2R31_HUMAN,2.0,0.072,,0.268,7CUT1,37.166
T2R31_HUMAN,2.0,0.072,,0.268,7CUT2,51.522000000000006
T2R31_HUMAN,2.0,0.072,,0.268,7CUT3,45.118
T2R31_HUMAN,2.0,0.072,,0.268,7CUT4,40.0
T2R31_HUMAN,2.0,0.072,,0.268,7CUT5,46.532
T2R31_HUMAN,2.0,0.072,,0.268,7CUT6,53.334
T2R31_HUMAN,2.0,0.072,,0.268,7CUT7,
ADRB1_HUMAN,794.0,0.07,0.96,0.131,7CUT0,80.804
ADRB1_HUMAN,794.0,0.07,0.96,0.131,7CUT1,97.502
ADRB1_HUMAN,794.0,0.07,0.96,0.131,7CUT2,94.64
ADRB1_HUMAN,794.0,0.07,0.96,0.131,7CUT3,97.5
ADRB1_HUMAN,794.0,0.07,0.96,0.131,7CUT4,98.40200000000002
ADRB1_HUMAN,794.0,0.07,0.96,0.131,7CUT5,50.814
ADRB1_HUMAN,794.0,0.07,0.96,0.131,7CUT6,94.484
ADRB1_HUMAN,794.0,0.07,0.96,0.131,7CUT7,55.74
NMUR2_HUMAN,50.0,0.119,0.98,0.215,7CUT0,52.484
NMUR2_HUMAN,50.0,0.119,0.98,0.215,7CUT1,48.572
NMUR2_HUMAN,50.0,0.119,0.98,0.215,7CUT2,63.432
NMUR2_HUMAN,50.0,0.119,0.98,0.215,7CUT3,83.56
NMUR2_HUMAN,50.0,0.119,0.98,0.215,7CUT4,59.56
NMUR2_HUMAN,50.0,0.119,0.98,0.215,7CUT5,60.178
NMUR2_HUMAN,50.0,0.119,0.98,0.215,7CUT6,62.8
NMUR2_HUMAN,50.0,0.119,0.98,0.215,7CUT7,35.168
ACM3_HUMAN,444.0,0.086,0.98,0.131,7CUT0,77.19800000000001
ACM3_HUMAN,444.0,0.086,0.98,0.131,7CUT1,56.238
ACM3_HUMAN,444.0,0.086,0.98,0.131,7CUT2,48.21
ACM3_HUMAN,444.0,0.086,0.98,0.131,7CUT3,97.266
ACM3_HUMAN,444.0,0.086,0.98,0.131,7CUT4,86.11
ACM3_HUMAN,444.0,0.086,0.98,0.131,7CUT5,82.46199999999999
ACM3_HUMAN,444.0,0.086,0.98,0.131,7CUT6,92.55
ACM3_HUMAN,444.0,0.086,0.98,0.131,7CUT7,47.06
GP142_HUMAN,150.0,0.131,0.91,0.25,7CUT0,39.048
GP142_HUMAN,150.0,0.131,0.91,0.25,7CUT1,30.370000000000005
GP142_HUMAN,150.0,0.131,0.91,0.25,7CUT2,34.99999999999999
GP142_HUMAN,150.0,0.131,0.91,0.25,7CUT3,70.50399999999999
GP142_HUMAN,150.0,0.131,0.91,0.25,7CUT4,57.5
GP142_HUMAN,150.0,0.131,0.91,0.25,7CUT5,53.088
GP142_HUMAN,150.0,0.131,0.91,0.25,7CUT6,62.602
GP142_HUMAN,150.0,0.131,0.91,0.25,7CUT7,30.322000000000003
GLP2R_HUMAN,51.0,0.353,0.63,0.468,7CUT0,41.612
GLP2R_HUMAN,51.0,0.353,0.63,0.468,7CUT1,24.158
GLP2R_HUMAN,51.0,0.353,0.63,0.468,7CUT2,37.31400000000001
GLP2R_HUMAN,51.0,0.353,0.63,0.468,7CUT3,58.714
GLP2R_HUMAN,51.0,0.353,0.63,0.468,7CUT4,78.624
GLP2R_HUMAN,51.0,0.353,0.63,0.468,7CUT5,83.77199999999999
GLP2R_HUMAN,51.0,0.353,0.63,0.468,7CUT6,41.798
GLP2R_HUMAN,51.0,0.353,0.63,0.468,7CUT7,28.294
GP174_HUMAN,81.0,0.008,0.99,0.05,7CUT0,51.94199999999999
GP174_HUMAN,81.0,0.008,0.99,0.05,7CUT1,39.55200000000001
GP174_HUMAN,81.0,0.008,0.99,0.05,7CUT2,66.58
GP174_HUMAN,81.0,0.008,0.99,0.05,7CUT3,69.836
GP174_HUMAN,81.0,0.008,0.99,0.05,7CUT4,52.382000000000005
GP174_HUMAN,81.0,0.008,0.99,0.05,7CUT5,61.522000000000006
GP174_HUMAN,81.0,0.008,0.99,0.05,7CUT6,60.34400000000001
GP174_HUMAN,81.0,0.008,0.99,0.05,7CUT7,30.312
OXYR_HUMAN,691.0,0.051,0.98,0.101,7CUT0,68.624
OXYR_HUMAN,691.0,0.051,0.98,0.101,7CUT1,49.38199999999999
OXYR_HUMAN,691.0,0.051,0.98,0.101,7CUT2,64.244
OXYR_HUMAN,691.0,0.051,0.98,0.101,7CUT3,79.248
OXYR_HUMAN,691.0,0.051,0.98,0.101,7CUT4,74.856
OXYR_HUMAN,691.0,0.051,0.98,0.101,7CUT5,68.688
OXYR_HUMAN,691.0,0.051,0.98,0.101,7CUT6,80.268
OXYR_HUMAN,691.0,0.051,0.98,0.101,7CUT7,44.296
P2Y12_HUMAN,808.0,0.135,0.93,0.175,7CUT0,59.02
P2Y12_HUMAN,808.0,0.135,0.93,0.175,7CUT1,50.94599999999999
P2Y12_HUMAN,808.0,0.135,0.93,0.175,7CUT2,66.56200000000001
P2Y12_HUMAN,808.0,0.135,0.93,0.175,7CUT3,66.924
P2Y12_HUMAN,808.0,0.135,0.93,0.175,7CUT4,72.77799999999999
P2Y12_HUMAN,808.0,0.135,0.93,0.175,7CUT5,61.95799999999999
P2Y12_HUMAN,808.0,0.135,0.93,0.175,7CUT6,63.334
P2Y12_HUMAN,808.0,0.135,0.93,0.175,7CUT7,34.547999999999995
GRM7_HUMAN,15.0,0.059,0.93,0.151,7CUT0,65.076
GRM7_HUMAN,15.0,0.059,0.93,0.151,7CUT1,28.93
GRM7_HUMAN,15.0,0.059,0.93,0.151,7CUT2,54.354000000000006
GRM7_HUMAN,15.0,0.059,0.93,0.151,7CUT3,53.720000000000006
GRM7_HUMAN,15.0,0.059,0.93,0.151,7CUT4,86.412
GRM7_HUMAN,15.0,0.059,0.93,0.151,7CUT5,84.824
GRM7_HUMAN,15.0,0.059,0.93,0.151,7CUT6,94.612
GRM7_HUMAN,15.0,0.059,0.93,0.151,7CUT7,71.78599999999999
ADA2C_HUMAN,266.0,0.152,0.93,0.204,7CUT0,57.322
ADA2C_HUMAN,266.0,0.152,0.93,0.204,7CUT1,50.468
ADA2C_HUMAN,266.0,0.152,0.93,0.204,7CUT2,66.728
ADA2C_HUMAN,266.0,0.152,0.93,0.204,7CUT3,94.442
ADA2C_HUMAN,266.0,0.152,0.93,0.204,7CUT4,72.06
ADA2C_HUMAN,266.0,0.152,0.93,0.204,7CUT5,38.112
ADA2C_HUMAN,266.0,0.152,0.93,0.204,7CUT6,80.468
ADA2C_HUMAN,266.0,0.152,0.93,0.204,7CUT7,
BRS3_HUMAN,517.0,0.112,0.94,0.16,7CUT0,72.45200000000001
BRS3_HUMAN,517.0,0.112,0.94,0.16,7CUT1,79.596
BRS3_HUMAN,517.0,0.112,0.94,0.16,7CUT2,97.792
BRS3_HUMAN,517.0,0.112,0.94,0.16,7CUT3,96.944
BRS3_HUMAN,517.0,0.112,0.94,0.16,7CUT4,71.15799999999999
BRS3_HUMAN,517.0,0.112,0.94,0.16,7CUT5,91.882
BRS3_HUMAN,517.0,0.112,0.94,0.16,7CUT6,67.544
BRS3_HUMAN,517.0,0.112,0.94,0.16,7CUT7,43.75
PAR2_HUMAN,189.0,0.338,0.84,0.31,7CUT0,50.378
PAR2_HUMAN,189.0,0.338,0.84,0.31,7CUT1,47.04600000000001
PAR2_HUMAN,189.0,0.338,0.84,0.31,7CUT2,43.772000000000006
PAR2_HUMAN,189.0,0.338,0.84,0.31,7CUT3,75.26
PAR2_HUMAN,189.0,0.338,0.84,0.31,7CUT4,63.55
PAR2_HUMAN,189.0,0.338,0.84,0.31,7CUT5,63.688
PAR2_HUMAN,189.0,0.338,0.84,0.31,7CUT6,57.66
PAR2_HUMAN,189.0,0.338,0.84,0.31,7CUT7,63.528
FSHR_HUMAN,51.0,0.204,0.9,0.273,7CUT0,43.596
FSHR_HUMAN,51.0,0.204,0.9,0.273,7CUT1,37.558
FSHR_HUMAN,51.0,0.204,0.9,0.273,7CUT2,37.706
FSHR_HUMAN,51.0,0.204,0.9,0.273,7CUT3,65.71799999999999
FSHR_HUMAN,51.0,0.204,0.9,0.273,7CUT4,66.974
FSHR_HUMAN,51.0,0.204,0.9,0.273,7CUT5,79.54400000000001
FSHR_HUMAN,51.0,0.204,0.9,0.273,7CUT6,63.65599999999999
FSHR_HUMAN,51.0,0.204,0.9,0.273,7CUT7,36.838
GP139_HUMAN,50.0,0.176,0.79,0.249,7CUT0,44.494
GP139_HUMAN,50.0,0.176,0.79,0.249,7CUT1,36.752
GP139_HUMAN,50.0,0.176,0.79,0.249,7CUT2,60.06999999999999
GP139_HUMAN,50.0,0.176,0.79,0.249,7CUT3,59.732000000000006
GP139_HUMAN,50.0,0.176,0.79,0.249,7CUT4,56.63
GP139_HUMAN,50.0,0.176,0.79,0.249,7CUT5,51.232000000000006
GP139_HUMAN,50.0,0.176,0.79,0.249,7CUT6,56.978
GP139_HUMAN,50.0,0.176,0.79,0.249,7CUT7,37.386
5HT1B_HUMAN,165.0,0.08,0.97,0.137,7CUT0,84.90799999999999
5HT1B_HUMAN,165.0,0.08,0.97,0.137,7CUT1,39.574
5HT1B_HUMAN,165.0,0.08,0.97,0.137,7CUT2,81.64999999999999
5HT1B_HUMAN,165.0,0.08,0.97,0.137,7CUT3,84.49999999999999
5HT1B_HUMAN,165.0,0.08,0.97,0.137,7CUT4,82.17999999999999
5HT1B_HUMAN,165.0,0.08,0.97,0.137,7CUT5,61.342
5HT1B_HUMAN,165.0,0.08,0.97,0.137,7CUT6,93.562
5HT1B_HUMAN,165.0,0.08,0.97,0.137,7CUT7,
C3AR_HUMAN,279.0,0.129,0.93,0.148,7CUT0,38.752
C3AR_HUMAN,279.0,0.129,0.93,0.148,7CUT1,45.0
C3AR_HUMAN,279.0,0.129,0.93,0.148,7CUT2,62.86800000000001
C3AR_HUMAN,279.0,0.129,0.93,0.148,7CUT3,66.67
C3AR_HUMAN,279.0,0.129,0.93,0.148,7CUT4,21.02
C3AR_HUMAN,279.0,0.129,0.93,0.148,7CUT5,61.798
C3AR_HUMAN,279.0,0.129,0.93,0.148,7CUT6,64.318
C3AR_HUMAN,279.0,0.129,0.93,0.148,7CUT7,58.82000000000001
CCR9_HUMAN,510.0,0.082,0.93,0.155,7CUT0,57.544
CCR9_HUMAN,510.0,0.082,0.93,0.155,7CUT1,42.86
CCR9_HUMAN,510.0,0.082,0.93,0.155,7CUT2,64.966
CCR9_HUMAN,510.0,0.082,0.93,0.155,7CUT3,73.78
CCR9_HUMAN,510.0,0.082,0.93,0.155,7CUT4,62.67
CCR9_HUMAN,510.0,0.082,0.93,0.155,7CUT5,62.07000000000001
CCR9_HUMAN,510.0,0.082,0.93,0.155,7CUT6,59.652
CCR9_HUMAN,510.0,0.082,0.93,0.155,7CUT7,52.94
CRFR2_HUMAN,42.0,0.058,0.97,0.098,7CUT0,75.404
CRFR2_HUMAN,42.0,0.058,0.97,0.098,7CUT1,88.89
CRFR2_HUMAN,42.0,0.058,0.97,0.098,7CUT2,79.31
CRFR2_HUMAN,42.0,0.058,0.97,0.098,7CUT3,72.498
CRFR2_HUMAN,42.0,0.058,0.97,0.098,7CUT4,83.58
CRFR2_HUMAN,42.0,0.058,0.97,0.098,7CUT5,76.36
CRFR2_HUMAN,42.0,0.058,0.97,0.098,7CUT6,97.734
CRFR2_HUMAN,42.0,0.058,0.97,0.098,7CUT7,94.12
ACM4_HUMAN,183.0,0.184,0.92,0.239,7CUT0,87.098
ACM4_HUMAN,183.0,0.184,0.92,0.239,7CUT1,79.044
ACM4_HUMAN,183.0,0.184,0.92,0.239,7CUT2,80.35
ACM4_HUMAN,183.0,0.184,0.92,0.239,7CUT3,95.83
ACM4_HUMAN,183.0,0.184,0.92,0.239,7CUT4,91.67
ACM4_HUMAN,183.0,0.184,0.92,0.239,7CUT5,85.34799999999998
ACM4_HUMAN,183.0,0.184,0.92,0.239,7CUT6,93.18
ACM4_HUMAN,183.0,0.184,0.92,0.239,7CUT7,
GPR4_HUMAN,13.0,0.003,1.0,0.026,7CUT0,46.082
GPR4_HUMAN,13.0,0.003,1.0,0.026,7CUT1,40.198
GPR4_HUMAN,13.0,0.003,1.0,0.026,7CUT2,59.664
GPR4_HUMAN,13.0,0.003,1.0,0.026,7CUT3,73.332
GPR4_HUMAN,13.0,0.003,1.0,0.026,7CUT4,54.738
GPR4_HUMAN,13.0,0.003,1.0,0.026,7CUT5,61.836
GPR4_HUMAN,13.0,0.003,1.0,0.026,7CUT6,52.366
GPR4_HUMAN,13.0,0.003,1.0,0.026,7CUT7,36.702000000000005
MCHR1_HUMAN,2022.0,0.04,0.98,0.094,7CUT0,57.49
MCHR1_HUMAN,2022.0,0.04,0.98,0.094,7CUT1,27.686
MCHR1_HUMAN,2022.0,0.04,0.98,0.094,7CUT2,46.736
MCHR1_HUMAN,2022.0,0.04,0.98,0.094,7CUT3,75.858
MCHR1_HUMAN,2022.0,0.04,0.98,0.094,7CUT4,63.474
MCHR1_HUMAN,2022.0,0.04,0.98,0.094,7CUT5,61.188
MCHR1_HUMAN,2022.0,0.04,0.98,0.094,7CUT6,80.6
MCHR1_HUMAN,2022.0,0.04,0.98,0.094,7CUT7,41.18
GP183_HUMAN,85.0,0.126,0.86,0.167,7CUT0,58.55800000000001
GP183_HUMAN,85.0,0.126,0.86,0.167,7CUT1,55.65
GP183_HUMAN,85.0,0.126,0.86,0.167,7CUT2,75.556
GP183_HUMAN,85.0,0.126,0.86,0.167,7CUT3,75.558
GP183_HUMAN,85.0,0.126,0.86,0.167,7CUT4,59.74
GP183_HUMAN,85.0,0.126,0.86,0.167,7CUT5,60.268
GP183_HUMAN,85.0,0.126,0.86,0.167,7CUT6,63.486
GP183_HUMAN,85.0,0.126,0.86,0.167,7CUT7,53.914
TAAR5_HUMAN,2.0,0.0,,0.006,7CUT0,62.54200000000001
TAAR5_HUMAN,2.0,0.0,,0.006,7CUT1,51.138
TAAR5_HUMAN,2.0,0.0,,0.006,7CUT2,73.10399999999998
TAAR5_HUMAN,2.0,0.0,,0.006,7CUT3,79.532
TAAR5_HUMAN,2.0,0.0,,0.006,7CUT4,63.13
TAAR5_HUMAN,2.0,0.0,,0.006,7CUT5,66.0
TAAR5_HUMAN,2.0,0.0,,0.006,7CUT6,65.862
TAAR5_HUMAN,2.0,0.0,,0.006,7CUT7,26.352
GRM5_HUMAN,1433.0,0.087,0.96,0.127,7CUT0,47.028
GRM5_HUMAN,1433.0,0.087,0.96,0.127,7CUT1,51.26199999999999
GRM5_HUMAN,1433.0,0.087,0.96,0.127,7CUT2,57.354000000000006
GRM5_HUMAN,1433.0,0.087,0.96,0.127,7CUT3,48.74
GRM5_HUMAN,1433.0,0.087,0.96,0.127,7CUT4,58.46
GRM5_HUMAN,1433.0,0.087,0.96,0.127,7CUT5,67.596
GRM5_HUMAN,1433.0,0.087,0.96,0.127,7CUT6,42.858
GRM5_HUMAN,1433.0,0.087,0.96,0.127,7CUT7,14.332
P2Y14_HUMAN,91.0,0.231,0.7,0.266,7CUT0,59.23
P2Y14_HUMAN,91.0,0.231,0.7,0.266,7CUT1,49.512
P2Y14_HUMAN,91.0,0.231,0.7,0.266,7CUT2,65.92600000000002
P2Y14_HUMAN,91.0,0.231,0.7,0.266,7CUT3,73.238
P2Y14_HUMAN,91.0,0.231,0.7,0.266,7CUT4,72.304
P2Y14_HUMAN,91.0,0.231,0.7,0.266,7CUT5,61.248000000000005
P2Y14_HUMAN,91.0,0.231,0.7,0.266,7CUT6,58.636
P2Y14_HUMAN,91.0,0.231,0.7,0.266,7CUT7,51.766000000000005
CNR1_HUMAN,2736.0,0.071,0.98,0.126,7CUT0,95.14
CNR1_HUMAN,2736.0,0.071,0.98,0.126,7CUT1,30.910000000000004
CNR1_HUMAN,2736.0,0.071,0.98,0.126,7CUT2,82.88
CNR1_HUMAN,2736.0,0.071,0.98,0.126,7CUT3,98.59
CNR1_HUMAN,2736.0,0.071,0.98,0.126,7CUT4,97.01
CNR1_HUMAN,2736.0,0.071,0.98,0.126,7CUT5,54.5
CNR1_HUMAN,2736.0,0.071,0.98,0.126,7CUT6,60.0
CNR1_HUMAN,2736.0,0.071,0.98,0.126,7CUT7,97.67
GLP1R_HUMAN,192.0,0.115,0.97,0.178,7CUT0,59.674
GLP1R_HUMAN,192.0,0.115,0.97,0.178,7CUT1,41.54
GLP1R_HUMAN,192.0,0.115,0.97,0.178,7CUT2,58.158
GLP1R_HUMAN,192.0,0.115,0.97,0.178,7CUT3,67.75800000000001
GLP1R_HUMAN,192.0,0.115,0.97,0.178,7CUT4,82.332
GLP1R_HUMAN,192.0,0.115,0.97,0.178,7CUT5,79.246
GLP1R_HUMAN,192.0,0.115,0.97,0.178,7CUT6,81.226
GLP1R_HUMAN,192.0,0.115,0.97,0.178,7CUT7,61.332
OPRM_HUMAN,1860.0,0.134,0.96,0.209,7CUT0,91.058
OPRM_HUMAN,1860.0,0.134,0.96,0.209,7CUT1,68.184
OPRM_HUMAN,1860.0,0.134,0.96,0.209,7CUT2,85.86
OPRM_HUMAN,1860.0,0.134,0.96,0.209,7CUT3,90.14
OPRM_HUMAN,1860.0,0.134,0.96,0.209,7CUT4,89.74
OPRM_HUMAN,1860.0,0.134,0.96,0.209,7CUT5,85.51599999999999
OPRM_HUMAN,1860.0,0.134,0.96,0.209,7CUT6,97.96
OPRM_HUMAN,1860.0,0.134,0.96,0.209,7CUT7,67.136
S1PR2_HUMAN,409.0,0.059,0.97,0.144,7CUT0,65.15799999999999
S1PR2_HUMAN,409.0,0.059,0.97,0.144,7CUT1,58.34
S1PR2_HUMAN,409.0,0.059,0.97,0.144,7CUT2,73.818
S1PR2_HUMAN,409.0,0.059,0.97,0.144,7CUT3,82.13199999999999
S1PR2_HUMAN,409.0,0.059,0.97,0.144,7CUT4,76.128
S1PR2_HUMAN,409.0,0.059,0.97,0.144,7CUT5,66.374
S1PR2_HUMAN,409.0,0.059,0.97,0.144,7CUT6,65.824
S1PR2_HUMAN,409.0,0.059,0.97,0.144,7CUT7,34.114
GP119_HUMAN,1455.0,0.07,0.95,0.133,7CUT0,60.21
GP119_HUMAN,1455.0,0.07,0.95,0.133,7CUT1,
GP119_HUMAN,1455.0,0.07,0.95,0.133,7CUT2,67.96000000000001
GP119_HUMAN,1455.0,0.07,0.95,0.133,7CUT3,79.942
GP119_HUMAN,1455.0,0.07,0.95,0.133,7CUT4,77.9
GP119_HUMAN,1455.0,0.07,0.95,0.133,7CUT5,71.552
GP119_HUMAN,1455.0,0.07,0.95,0.133,7CUT6,63.484
GP119_HUMAN,1455.0,0.07,0.95,0.133,7CUT7,31.01
GRPR_HUMAN,4.0,0.192,0.88,0.361,7CUT0,60.83399999999999
GRPR_HUMAN,4.0,0.192,0.88,0.361,7CUT1,47.62
GRPR_HUMAN,4.0,0.192,0.88,0.361,7CUT2,63.388
GRPR_HUMAN,4.0,0.192,0.88,0.361,7CUT3,87.122
GRPR_HUMAN,4.0,0.192,0.88,0.361,7CUT4,69.26599999999999
GRPR_HUMAN,4.0,0.192,0.88,0.361,7CUT5,81.398
GRPR_HUMAN,4.0,0.192,0.88,0.361,7CUT6,60.678
GRPR_HUMAN,4.0,0.192,0.88,0.361,7CUT7,41.292
GRM8_HUMAN,47.0,0.072,0.94,0.183,7CUT0,67.6
GRM8_HUMAN,47.0,0.072,0.94,0.183,7CUT1,42.396
GRM8_HUMAN,47.0,0.072,0.94,0.183,7CUT2,58.054
GRM8_HUMAN,47.0,0.072,0.94,0.183,7CUT3,61.35
GRM8_HUMAN,47.0,0.072,0.94,0.183,7CUT4,85.7
GRM8_HUMAN,47.0,0.072,0.94,0.183,7CUT5,88.66
GRM8_HUMAN,47.0,0.072,0.94,0.183,7CUT6,95.348
GRM8_HUMAN,47.0,0.072,0.94,0.183,7CUT7,75.00200000000001
5HT1E_HUMAN,36.0,0.003,0.99,0.04,7CUT0,63.89399999999999
5HT1E_HUMAN,36.0,0.003,0.99,0.04,7CUT1,46.224
5HT1E_HUMAN,36.0,0.003,0.99,0.04,7CUT2,66.294
5HT1E_HUMAN,36.0,0.003,0.99,0.04,7CUT3,86.388
5HT1E_HUMAN,36.0,0.003,0.99,0.04,7CUT4,69.91399999999999
5HT1E_HUMAN,36.0,0.003,0.99,0.04,7CUT5,54.45399999999999
5HT1E_HUMAN,36.0,0.003,0.99,0.04,7CUT6,78.05
5HT1E_HUMAN,36.0,0.003,0.99,0.04,7CUT7,
CXCR3_HUMAN,839.0,0.053,0.97,0.109,7CUT0,84.61000000000001
CXCR3_HUMAN,839.0,0.053,0.97,0.109,7CUT1,84.0
CXCR3_HUMAN,839.0,0.053,0.97,0.109,7CUT2,67.17600000000002
CXCR3_HUMAN,839.0,0.053,0.97,0.109,7CUT3,90.986
CXCR3_HUMAN,839.0,0.053,0.97,0.109,7CUT4,96.986
CXCR3_HUMAN,839.0,0.053,0.97,0.109,7CUT5,68.624
CXCR3_HUMAN,839.0,0.053,0.97,0.109,7CUT6,66.278
CXCR3_HUMAN,839.0,0.053,0.97,0.109,7CUT7,94.12
OPRX_HUMAN,648.0,0.084,0.96,0.149,7CUT0,72.68199999999999
OPRX_HUMAN,648.0,0.084,0.96,0.149,7CUT1,49.26800000000001
OPRX_HUMAN,648.0,0.084,0.96,0.149,7CUT2,86.78399999999999
OPRX_HUMAN,648.0,0.084,0.96,0.149,7CUT3,83.096
OPRX_HUMAN,648.0,0.084,0.96,0.149,7CUT4,80.34599999999999
OPRX_HUMAN,648.0,0.084,0.96,0.149,7CUT5,80.194
OPRX_HUMAN,648.0,0.084,0.96,0.149,7CUT6,78.074
OPRX_HUMAN,648.0,0.084,0.96,0.149,7CUT7,42.944
RXFP1_HUMAN,2679.0,0.009,0.97,0.042,7CUT0,34.066
RXFP1_HUMAN,2679.0,0.009,0.97,0.042,7CUT1,19.178
RXFP1_HUMAN,2679.0,0.009,0.97,0.042,7CUT2,31.623999999999995
RXFP1_HUMAN,2679.0,0.009,0.97,0.042,7CUT3,53.834
RXFP1_HUMAN,2679.0,0.009,0.97,0.042,7CUT4,54.20399999999999
RXFP1_HUMAN,2679.0,0.009,0.97,0.042,7CUT5,67.142
RXFP1_HUMAN,2679.0,0.009,0.97,0.042,7CUT6,60.862
RXFP1_HUMAN,2679.0,0.009,0.97,0.042,7CUT7,35.0
GIPR_HUMAN,115.0,0.037,0.94,0.11,7CUT0,45.08800000000001
GIPR_HUMAN,115.0,0.037,0.94,0.11,7CUT1,28.242
GIPR_HUMAN,115.0,0.037,0.94,0.11,7CUT2,40.384
GIPR_HUMAN,115.0,0.037,0.94,0.11,7CUT3,50.118
GIPR_HUMAN,115.0,0.037,0.94,0.11,7CUT4,74.746
GIPR_HUMAN,115.0,0.037,0.94,0.11,7CUT5,55.626
GIPR_HUMAN,115.0,0.037,0.94,0.11,7CUT6,69.53399999999999
GIPR_HUMAN,115.0,0.037,0.94,0.11,7CUT7,34.066
GRM3_HUMAN,148.0,0.172,0.93,0.254,7CUT0,50.926
GRM3_HUMAN,148.0,0.172,0.93,0.254,7CUT1,30.488
GRM3_HUMAN,148.0,0.172,0.93,0.254,7CUT2,54.574
GRM3_HUMAN,148.0,0.172,0.93,0.254,7CUT3,59.28
GRM3_HUMAN,148.0,0.172,0.93,0.254,7CUT4,56.356
GRM3_HUMAN,148.0,0.172,0.93,0.254,7CUT5,62.044
GRM3_HUMAN,148.0,0.172,0.93,0.254,7CUT6,63.09
GRM3_HUMAN,148.0,0.172,0.93,0.254,7CUT7,50.4
AA1R_HUMAN,825.0,0.141,0.94,0.171,7CUT0,96.088
AA1R_HUMAN,825.0,0.141,0.94,0.171,7CUT1,
AA1R_HUMAN,825.0,0.141,0.94,0.171,7CUT2,89.29
AA1R_HUMAN,825.0,0.141,0.94,0.171,7CUT3,98.284
AA1R_HUMAN,825.0,0.141,0.94,0.171,7CUT4,97.56
AA1R_HUMAN,825.0,0.141,0.94,0.171,7CUT5,87.424
AA1R_HUMAN,825.0,0.141,0.94,0.171,7CUT6,98.08
AA1R_HUMAN,825.0,0.141,0.94,0.171,7CUT7,75.0
AGTR1_HUMAN,681.0,0.03,0.99,0.076,7CUT0,98.994
AGTR1_HUMAN,681.0,0.03,0.99,0.076,7CUT1,93.75
AGTR1_HUMAN,681.0,0.03,0.99,0.076,7CUT2,75.86
AGTR1_HUMAN,681.0,0.03,0.99,0.076,7CUT3,98.61
AGTR1_HUMAN,681.0,0.03,0.99,0.076,7CUT4,98.418
AGTR1_HUMAN,681.0,0.03,0.99,0.076,7CUT5,98.39
AGTR1_HUMAN,681.0,0.03,0.99,0.076,7CUT6,87.916
AGTR1_HUMAN,681.0,0.03,0.99,0.076,7CUT7,95.558
NK3R_HUMAN,373.0,0.153,0.95,0.203,7CUT0,62.16
NK3R_HUMAN,373.0,0.153,0.95,0.203,7CUT1,44.016
NK3R_HUMAN,373.0,0.153,0.95,0.203,7CUT2,63.898
NK3R_HUMAN,373.0,0.153,0.95,0.203,7CUT3,77.42999999999999
NK3R_HUMAN,373.0,0.153,0.95,0.203,7CUT4,76.592
NK3R_HUMAN,373.0,0.153,0.95,0.203,7CUT5,84.248
NK3R_HUMAN,373.0,0.153,0.95,0.203,7CUT6,55.322
NK3R_HUMAN,373.0,0.153,0.95,0.203,7CUT7,51.252
5HT6R_HUMAN,1588.0,0.075,0.97,0.137,7CUT0,76.61
5HT6R_HUMAN,1588.0,0.075,0.97,0.137,7CUT1,72.0
5HT6R_HUMAN,1588.0,0.075,0.97,0.137,7CUT2,78.488
5HT6R_HUMAN,1588.0,0.075,0.97,0.137,7CUT3,87.50000000000001
5HT6R_HUMAN,1588.0,0.075,0.97,0.137,7CUT4,90.244
5HT6R_HUMAN,1588.0,0.075,0.97,0.137,7CUT5,79.65799999999999
5HT6R_HUMAN,1588.0,0.075,0.97,0.137,7CUT6,64.5
5HT6R_HUMAN,1588.0,0.075,0.97,0.137,7CUT7,69.838
PAR1_HUMAN,321.0,0.106,0.94,0.186,7CUT0,44.312
PAR1_HUMAN,321.0,0.106,0.94,0.186,7CUT1,25.238000000000003
PAR1_HUMAN,321.0,0.106,0.94,0.186,7CUT2,40.832
PAR1_HUMAN,321.0,0.106,0.94,0.186,7CUT3,72.776
PAR1_HUMAN,321.0,0.106,0.94,0.186,7CUT4,55.802
PAR1_HUMAN,321.0,0.106,0.94,0.186,7CUT5,54.476
PAR1_HUMAN,321.0,0.106,0.94,0.186,7CUT6,59.74400000000001
PAR1_HUMAN,321.0,0.106,0.94,0.186,7CUT7,40.384
DRD3_HUMAN,1310.0,0.151,0.93,0.194,7CUT0,63.554
DRD3_HUMAN,1310.0,0.151,0.93,0.194,7CUT1,51.428
DRD3_HUMAN,1310.0,0.151,0.93,0.194,7CUT2,84.69399999999999
DRD3_HUMAN,1310.0,0.151,0.93,0.194,7CUT3,84.21
DRD3_HUMAN,1310.0,0.151,0.93,0.194,7CUT4,80.0
DRD3_HUMAN,1310.0,0.151,0.93,0.194,7CUT5,38.402
DRD3_HUMAN,1310.0,0.151,0.93,0.194,7CUT6,96.57
DRD3_HUMAN,1310.0,0.151,0.93,0.194,7CUT7,
CNR2_HUMAN,3657.0,0.085,0.96,0.148,7CUT0,74.766
CNR2_HUMAN,3657.0,0.085,0.96,0.148,7CUT1,51.542
CNR2_HUMAN,3657.0,0.085,0.96,0.148,7CUT2,87.112
CNR2_HUMAN,3657.0,0.085,0.96,0.148,7CUT3,95.77
CNR2_HUMAN,3657.0,0.085,0.96,0.148,7CUT4,76.12
CNR2_HUMAN,3657.0,0.085,0.96,0.148,7CUT5,91.726
CNR2_HUMAN,3657.0,0.085,0.96,0.148,7CUT6,63.75599999999999
CNR2_HUMAN,3657.0,0.085,0.96,0.148,7CUT7,61.178
P2Y10_HUMAN,129.0,0.038,0.98,0.087,7CUT0,56.99000000000001
P2Y10_HUMAN,129.0,0.038,0.98,0.087,7CUT1,43.912
P2Y10_HUMAN,129.0,0.038,0.98,0.087,7CUT2,70.17800000000001
P2Y10_HUMAN,129.0,0.038,0.98,0.087,7CUT3,73.41600000000001
P2Y10_HUMAN,129.0,0.038,0.98,0.087,7CUT4,59.616
P2Y10_HUMAN,129.0,0.038,0.98,0.087,7CUT5,67.792
P2Y10_HUMAN,129.0,0.038,0.98,0.087,7CUT6,63.488
P2Y10_HUMAN,129.0,0.038,0.98,0.087,7CUT7,30.0
AA3R_HUMAN,702.0,0.047,0.98,0.122,7CUT0,74.27799999999999
AA3R_HUMAN,702.0,0.047,0.98,0.122,7CUT1,
AA3R_HUMAN,702.0,0.047,0.98,0.122,7CUT2,84.466
AA3R_HUMAN,702.0,0.047,0.98,0.122,7CUT3,93.71800000000002
AA3R_HUMAN,702.0,0.047,0.98,0.122,7CUT4,74.768
AA3R_HUMAN,702.0,0.047,0.98,0.122,7CUT5,78.708
AA3R_HUMAN,702.0,0.047,0.98,0.122,7CUT6,57.2
AA3R_HUMAN,702.0,0.047,0.98,0.122,7CUT7,
5HT2C_HUMAN,714.0,0.149,0.92,0.219,7CUT0,83.434
5HT2C_HUMAN,714.0,0.149,0.92,0.219,7CUT1,86.44800000000001
5HT2C_HUMAN,714.0,0.149,0.92,0.219,7CUT2,73.21
5HT2C_HUMAN,714.0,0.149,0.92,0.219,7CUT3,87.67
5HT2C_HUMAN,714.0,0.149,0.92,0.219,7CUT4,98.26
5HT2C_HUMAN,714.0,0.149,0.92,0.219,7CUT5,48.62
5HT2C_HUMAN,714.0,0.149,0.92,0.219,7CUT6,97.664
5HT2C_HUMAN,714.0,0.149,0.92,0.219,7CUT7,95.414
NMUR1_HUMAN,36.0,0.164,0.96,0.212,7CUT0,53.73799999999999
NMUR1_HUMAN,36.0,0.164,0.96,0.212,7CUT1,33.504
NMUR1_HUMAN,36.0,0.164,0.96,0.212,7CUT2,61.478
NMUR1_HUMAN,36.0,0.164,0.96,0.212,7CUT3,82.73800000000001
NMUR1_HUMAN,36.0,0.164,0.96,0.212,7CUT4,60.73
NMUR1_HUMAN,36.0,0.164,0.96,0.212,7CUT5,57.128
NMUR1_HUMAN,36.0,0.164,0.96,0.212,7CUT6,62.728
NMUR1_HUMAN,36.0,0.164,0.96,0.212,7CUT7,45.212
SSR5_HUMAN,13.0,0.411,0.83,0.394,7CUT0,61.724
SSR5_HUMAN,13.0,0.411,0.83,0.394,7CUT1,58.092
SSR5_HUMAN,13.0,0.411,0.83,0.394,7CUT2,69.97200000000001
SSR5_HUMAN,13.0,0.411,0.83,0.394,7CUT3,86.342
SSR5_HUMAN,13.0,0.411,0.83,0.394,7CUT4,72.17999999999999
SSR5_HUMAN,13.0,0.411,0.83,0.394,7CUT5,65.044
SSR5_HUMAN,13.0,0.411,0.83,0.394,7CUT6,72.14000000000001
SSR5_HUMAN,13.0,0.411,0.83,0.394,7CUT7,36.428
CCR2_HUMAN,1602.0,0.136,0.93,0.197,7CUT0,64.4
CCR2_HUMAN,1602.0,0.136,0.93,0.197,7CUT1,42.86
CCR2_HUMAN,1602.0,0.136,0.93,0.197,7CUT2,67.14
CCR2_HUMAN,1602.0,0.136,0.93,0.197,7CUT3,98.57
CCR2_HUMAN,1602.0,0.136,0.93,0.197,7CUT4,74.67
CCR2_HUMAN,1602.0,0.136,0.93,0.197,7CUT5,93.1
CCR2_HUMAN,1602.0,0.136,0.93,0.197,7CUT6,70.83
CCR2_HUMAN,1602.0,0.136,0.93,0.197,7CUT7,35.928000000000004
HRH2_HUMAN,109.0,0.027,0.99,0.097,7CUT0,64.382
HRH2_HUMAN,109.0,0.027,0.99,0.097,7CUT1,52.786
HRH2_HUMAN,109.0,0.027,0.99,0.097,7CUT2,78.57
HRH2_HUMAN,109.0,0.027,0.99,0.097,7CUT3,82.822
HRH2_HUMAN,109.0,0.027,0.99,0.097,7CUT4,68.352
HRH2_HUMAN,109.0,0.027,0.99,0.097,7CUT5,62.19
HRH2_HUMAN,109.0,0.027,0.99,0.097,7CUT6,77.128
HRH2_HUMAN,109.0,0.027,0.99,0.097,7CUT7,54.428
OPRK_HUMAN,3152.0,0.122,0.97,0.202,7CUT0,81.46600000000001
OPRK_HUMAN,3152.0,0.122,0.97,0.202,7CUT1,62.182
OPRK_HUMAN,3152.0,0.122,0.97,0.202,7CUT2,85.672
OPRK_HUMAN,3152.0,0.122,0.97,0.202,7CUT3,96.898
OPRK_HUMAN,3152.0,0.122,0.97,0.202,7CUT4,76.62
OPRK_HUMAN,3152.0,0.122,0.97,0.202,7CUT5,86.612
OPRK_HUMAN,3152.0,0.122,0.97,0.202,7CUT6,83.022
OPRK_HUMAN,3152.0,0.122,0.97,0.202,7CUT7,72.384
GLR_HUMAN,741.0,0.06,0.96,0.132,7CUT0,60.95399999999999
GLR_HUMAN,741.0,0.06,0.96,0.132,7CUT1,47.548
GLR_HUMAN,741.0,0.06,0.96,0.132,7CUT2,65.032
GLR_HUMAN,741.0,0.06,0.96,0.132,7CUT3,69.042
GLR_HUMAN,741.0,0.06,0.96,0.132,7CUT4,86.30999999999999
GLR_HUMAN,741.0,0.06,0.96,0.132,7CUT5,90.566
GLR_HUMAN,741.0,0.06,0.96,0.132,7CUT6,78.684
GLR_HUMAN,741.0,0.06,0.96,0.132,7CUT7,38.676
CCR3_HUMAN,363.0,0.112,0.96,0.165,7CUT0,89.68
CCR3_HUMAN,363.0,0.112,0.96,0.165,7CUT1,84.394
CCR3_HUMAN,363.0,0.112,0.96,0.165,7CUT2,82.268
CCR3_HUMAN,363.0,0.112,0.96,0.165,7CUT3,88.73200000000001
CCR3_HUMAN,363.0,0.112,0.96,0.165,7CUT4,90.874
CCR3_HUMAN,363.0,0.112,0.96,0.165,7CUT5,95.792
CCR3_HUMAN,363.0,0.112,0.96,0.165,7CUT6,95.414
CCR3_HUMAN,363.0,0.112,0.96,0.165,7CUT7,85.0
S1PR4_HUMAN,681.0,0.08,0.94,0.143,7CUT0,54.378
S1PR4_HUMAN,681.0,0.08,0.94,0.143,7CUT1,43.59400000000001
S1PR4_HUMAN,681.0,0.08,0.94,0.143,7CUT2,54.970000000000006
S1PR4_HUMAN,681.0,0.08,0.94,0.143,7CUT3,72.958
S1PR4_HUMAN,681.0,0.08,0.94,0.143,7CUT4,77.61200000000001
S1PR4_HUMAN,681.0,0.08,0.94,0.143,7CUT5,53.604
S1PR4_HUMAN,681.0,0.08,0.94,0.143,7CUT6,65.41600000000001
S1PR4_HUMAN,681.0,0.08,0.94,0.143,7CUT7,31.734
HRH4_HUMAN,620.0,0.127,0.94,0.203,7CUT0,59.35799999999999
HRH4_HUMAN,620.0,0.127,0.94,0.203,7CUT1,63.612
HRH4_HUMAN,620.0,0.127,0.94,0.203,7CUT2,78.40799999999999
HRH4_HUMAN,620.0,0.127,0.94,0.203,7CUT3,75.694
HRH4_HUMAN,620.0,0.127,0.94,0.203,7CUT4,68.75999999999999
HRH4_HUMAN,620.0,0.127,0.94,0.203,7CUT5,51.26800000000001
HRH4_HUMAN,620.0,0.127,0.94,0.203,7CUT6,70.96000000000001
HRH4_HUMAN,620.0,0.127,0.94,0.203,7CUT7,27.334000000000003
LT4R2_HUMAN,10.0,0.024,0.99,0.114,7CUT0,48.242
LT4R2_HUMAN,10.0,0.024,0.99,0.114,7CUT1,46.468
LT4R2_HUMAN,10.0,0.024,0.99,0.114,7CUT2,55.242
LT4R2_HUMAN,10.0,0.024,0.99,0.114,7CUT3,67.70400000000001
LT4R2_HUMAN,10.0,0.024,0.99,0.114,7CUT4,56.698
LT4R2_HUMAN,10.0,0.024,0.99,0.114,7CUT5,53.316
LT4R2_HUMAN,10.0,0.024,0.99,0.114,7CUT6,54.426
LT4R2_HUMAN,10.0,0.024,0.99,0.114,7CUT7,32.238
AA2BR_HUMAN,1139.0,0.059,0.98,0.105,7CUT0,82.06000000000002
AA2BR_HUMAN,1139.0,0.059,0.98,0.105,7CUT1,
AA2BR_HUMAN,1139.0,0.059,0.98,0.105,7CUT2,88.68
AA2BR_HUMAN,1139.0,0.059,0.98,0.105,7CUT3,95.426
AA2BR_HUMAN,1139.0,0.059,0.98,0.105,7CUT4,64.546
AA2BR_HUMAN,1139.0,0.059,0.98,0.105,7CUT5,92.06
AA2BR_HUMAN,1139.0,0.059,0.98,0.105,7CUT6,88.934
AA2BR_HUMAN,1139.0,0.059,0.98,0.105,7CUT7,56.468
LPAR5_HUMAN,20.0,0.181,0.92,0.286,7CUT0,49.018
LPAR5_HUMAN,20.0,0.181,0.92,0.286,7CUT1,54.656000000000006
LPAR5_HUMAN,20.0,0.181,0.92,0.286,7CUT2,69.104
LPAR5_HUMAN,20.0,0.181,0.92,0.286,7CUT3,70.952
LPAR5_HUMAN,20.0,0.181,0.92,0.286,7CUT4,53.052
LPAR5_HUMAN,20.0,0.181,0.92,0.286,7CUT5,57.382000000000005
LPAR5_HUMAN,20.0,0.181,0.92,0.286,7CUT6,57.10600000000001
LPAR5_HUMAN,20.0,0.181,0.92,0.286,7CUT7,39.316
CCR1_HUMAN,414.0,0.25,0.87,0.282,7CUT0,88.264
CCR1_HUMAN,414.0,0.25,0.87,0.282,7CUT1,64.26
CCR1_HUMAN,414.0,0.25,0.87,0.282,7CUT2,85.65399999999998
CCR1_HUMAN,414.0,0.25,0.87,0.282,7CUT3,98.02600000000002
CCR1_HUMAN,414.0,0.25,0.87,0.282,7CUT4,87.202
CCR1_HUMAN,414.0,0.25,0.87,0.282,7CUT5,89.82600000000001
CCR1_HUMAN,414.0,0.25,0.87,0.282,7CUT6,94.582
CCR1_HUMAN,414.0,0.25,0.87,0.282,7CUT7,86.666
C5AR1_HUMAN,267.0,0.064,0.96,0.125,7CUT0,59.32000000000001
C5AR1_HUMAN,267.0,0.064,0.96,0.125,7CUT1,38.18
C5AR1_HUMAN,267.0,0.064,0.96,0.125,7CUT2,71.244
C5AR1_HUMAN,267.0,0.064,0.96,0.125,7CUT3,81.83200000000001
C5AR1_HUMAN,267.0,0.064,0.96,0.125,7CUT4,65.636
C5AR1_HUMAN,267.0,0.064,0.96,0.125,7CUT5,56.664
C5AR1_HUMAN,267.0,0.064,0.96,0.125,7CUT6,69.388
C5AR1_HUMAN,267.0,0.064,0.96,0.125,7CUT7,46.0
PI2R_HUMAN,164.0,0.106,0.93,0.203,7CUT0,44.604
PI2R_HUMAN,164.0,0.106,0.93,0.203,7CUT1,44.75
PI2R_HUMAN,164.0,0.106,0.93,0.203,7CUT2,56.202
PI2R_HUMAN,164.0,0.106,0.93,0.203,7CUT3,61.948
PI2R_HUMAN,164.0,0.106,0.93,0.203,7CUT4,62.298
PI2R_HUMAN,164.0,0.106,0.93,0.203,7CUT5,50.482
PI2R_HUMAN,164.0,0.106,0.93,0.203,7CUT6,52.978
PI2R_HUMAN,164.0,0.106,0.93,0.203,7CUT7,40.376
5HT5A_HUMAN,15.0,0.01,1.0,0.071,7CUT0,53.13399999999999
5HT5A_HUMAN,15.0,0.01,1.0,0.071,7CUT1,60.000000000000014
5HT5A_HUMAN,15.0,0.01,1.0,0.071,7CUT2,59.82000000000001
5HT5A_HUMAN,15.0,0.01,1.0,0.071,7CUT3,71.23
5HT5A_HUMAN,15.0,0.01,1.0,0.071,7CUT4,76.642
5HT5A_HUMAN,15.0,0.01,1.0,0.071,7CUT5,42.37
5HT5A_HUMAN,15.0,0.01,1.0,0.071,7CUT6,70.0
5HT5A_HUMAN,15.0,0.01,1.0,0.071,7CUT7,
LPAR2_HUMAN,148.0,0.018,0.99,0.062,7CUT0,58.688
LPAR2_HUMAN,148.0,0.018,0.99,0.062,7CUT1,46.44
LPAR2_HUMAN,148.0,0.018,0.99,0.062,7CUT2,69.63
LPAR2_HUMAN,148.0,0.018,0.99,0.062,7CUT3,72.79999999999998
LPAR2_HUMAN,148.0,0.018,0.99,0.062,7CUT4,66.08800000000001
LPAR2_HUMAN,148.0,0.018,0.99,0.062,7CUT5,58.81999999999999
LPAR2_HUMAN,148.0,0.018,0.99,0.062,7CUT6,63.334
LPAR2_HUMAN,148.0,0.018,0.99,0.062,7CUT7,34.104
GRM1_HUMAN,905.0,0.027,0.99,0.099,7CUT0,46.826
GRM1_HUMAN,905.0,0.027,0.99,0.099,7CUT1,76.4
GRM1_HUMAN,905.0,0.027,0.99,0.099,7CUT2,52.498000000000005
GRM1_HUMAN,905.0,0.027,0.99,0.099,7CUT3,32.0
GRM1_HUMAN,905.0,0.027,0.99,0.099,7CUT4,64.29599999999999
GRM1_HUMAN,905.0,0.027,0.99,0.099,7CUT5,67.082
GRM1_HUMAN,905.0,0.027,0.99,0.099,7CUT6,58.14799999999999
GRM1_HUMAN,905.0,0.027,0.99,0.099,7CUT7,18.598000000000003
DRD1_HUMAN,313.0,0.033,0.98,0.104,7CUT0,90.23999999999998
DRD1_HUMAN,313.0,0.033,0.98,0.104,7CUT1,42.86
DRD1_HUMAN,313.0,0.033,0.98,0.104,7CUT2,82.14
DRD1_HUMAN,313.0,0.033,0.98,0.104,7CUT3,96.078
DRD1_HUMAN,313.0,0.033,0.98,0.104,7CUT4,94.272
DRD1_HUMAN,313.0,0.033,0.98,0.104,7CUT5,93.186
DRD1_HUMAN,313.0,0.033,0.98,0.104,7CUT6,97.458
DRD1_HUMAN,313.0,0.033,0.98,0.104,7CUT7,97.454
HCAR1_HUMAN,574.0,0.472,0.29,0.608,7CUT0,72.968
HCAR1_HUMAN,574.0,0.472,0.29,0.608,7CUT1,32.17
HCAR1_HUMAN,574.0,0.472,0.29,0.608,7CUT2,76.748
HCAR1_HUMAN,574.0,0.472,0.29,0.608,7CUT3,91.668
HCAR1_HUMAN,574.0,0.472,0.29,0.608,7CUT4,86.00200000000001
HCAR1_HUMAN,574.0,0.472,0.29,0.608,7CUT5,65.28
HCAR1_HUMAN,574.0,0.472,0.29,0.608,7CUT6,85.862
HCAR1_HUMAN,574.0,0.472,0.29,0.608,7CUT7,52.056
ADA1B_HUMAN,232.0,0.026,0.98,0.092,7CUT0,79.742
ADA1B_HUMAN,232.0,0.026,0.98,0.092,7CUT1,83.78
ADA1B_HUMAN,232.0,0.026,0.98,0.092,7CUT2,75.65400000000001
ADA1B_HUMAN,232.0,0.026,0.98,0.092,7CUT3,97.222
ADA1B_HUMAN,232.0,0.026,0.98,0.092,7CUT4,86.27
ADA1B_HUMAN,232.0,0.026,0.98,0.092,7CUT5,59.220000000000006
ADA1B_HUMAN,232.0,0.026,0.98,0.092,7CUT6,49.588
ADA1B_HUMAN,232.0,0.026,0.98,0.092,7CUT7,69.772
P2RY2_HUMAN,528.0,0.086,0.94,0.157,7CUT0,62.658
P2RY2_HUMAN,528.0,0.086,0.94,0.157,7CUT1,54.260000000000005
P2RY2_HUMAN,528.0,0.086,0.94,0.157,7CUT2,73.19999999999999
P2RY2_HUMAN,528.0,0.086,0.94,0.157,7CUT3,82.908
P2RY2_HUMAN,528.0,0.086,0.94,0.157,7CUT4,71.50800000000001
P2RY2_HUMAN,528.0,0.086,0.94,0.157,7CUT5,60.508
P2RY2_HUMAN,528.0,0.086,0.94,0.157,7CUT6,61.738000000000014
P2RY2_HUMAN,528.0,0.086,0.94,0.157,7CUT7,34.948
GPR84_HUMAN,389.0,0.007,0.99,0.037,7CUT0,40.690000000000005
GPR84_HUMAN,389.0,0.007,0.99,0.037,7CUT1,52.224
GPR84_HUMAN,389.0,0.007,0.99,0.037,7CUT2,61.842
GPR84_HUMAN,389.0,0.007,0.99,0.037,7CUT3,63.50999999999999
GPR84_HUMAN,389.0,0.007,0.99,0.037,7CUT4,52.42999999999999
GPR84_HUMAN,389.0,0.007,0.99,0.037,7CUT5,30.486
GPR84_HUMAN,389.0,0.007,0.99,0.037,7CUT6,62.08399999999999
GPR84_HUMAN,389.0,0.007,0.99,0.037,7CUT7,
CALRL_HUMAN,957.0,0.177,0.93,0.289,7CUT0,38.026
CALRL_HUMAN,957.0,0.177,0.93,0.289,7CUT1,30.978
CALRL_HUMAN,957.0,0.177,0.93,0.289,7CUT2,33.14
CALRL_HUMAN,957.0,0.177,0.93,0.289,7CUT3,48.33
CALRL_HUMAN,957.0,0.177,0.93,0.289,7CUT4,72.282
CALRL_HUMAN,957.0,0.177,0.93,0.289,7CUT5,62.96
CALRL_HUMAN,957.0,0.177,0.93,0.289,7CUT6,59.760000000000005
CALRL_HUMAN,957.0,0.177,0.93,0.289,7CUT7,33.773999999999994
SSR3_HUMAN,364.0,0.127,0.95,0.203,7CUT0,55.988
SSR3_HUMAN,364.0,0.127,0.95,0.203,7CUT1,50.982
SSR3_HUMAN,364.0,0.127,0.95,0.203,7CUT2,80.58600000000001
SSR3_HUMAN,364.0,0.127,0.95,0.203,7CUT3,81.36600000000001
SSR3_HUMAN,364.0,0.127,0.95,0.203,7CUT4,72.056
SSR3_HUMAN,364.0,0.127,0.95,0.203,7CUT5,60.85799999999999
SSR3_HUMAN,364.0,0.127,0.95,0.203,7CUT6,63.076
SSR3_HUMAN,364.0,0.127,0.95,0.203,7CUT7,24.53
NPY2R_HUMAN,556.0,0.015,0.99,0.065,7CUT0,48.294
NPY2R_HUMAN,556.0,0.015,0.99,0.065,7CUT1,34.718
NPY2R_HUMAN,556.0,0.015,0.99,0.065,7CUT2,66.676
NPY2R_HUMAN,556.0,0.015,0.99,0.065,7CUT3,67.136
NPY2R_HUMAN,556.0,0.015,0.99,0.065,7CUT4,58.578
NPY2R_HUMAN,556.0,0.015,0.99,0.065,7CUT5,54.306
NPY2R_HUMAN,556.0,0.015,0.99,0.065,7CUT6,63.062
NPY2R_HUMAN,556.0,0.015,0.99,0.065,7CUT7,41.016000000000005
EDNRB_HUMAN,116.0,0.061,0.96,0.16,7CUT0,77.86399999999999
EDNRB_HUMAN,116.0,0.061,0.96,0.16,7CUT1,56.474
EDNRB_HUMAN,116.0,0.061,0.96,0.16,7CUT2,59.488
EDNRB_HUMAN,116.0,0.061,0.96,0.16,7CUT3,92.128
EDNRB_HUMAN,116.0,0.061,0.96,0.16,7CUT4,77.65799999999999
EDNRB_HUMAN,116.0,0.061,0.96,0.16,7CUT5,93.704
EDNRB_HUMAN,116.0,0.061,0.96,0.16,7CUT6,76.46399999999998
EDNRB_HUMAN,116.0,0.061,0.96,0.16,7CUT7,43.41
TSHR_HUMAN,15730.0,0.023,0.97,0.055,7CUT0,32.646
TSHR_HUMAN,15730.0,0.023,0.97,0.055,7CUT1,11.138
TSHR_HUMAN,15730.0,0.023,0.97,0.055,7CUT2,30.032
TSHR_HUMAN,15730.0,0.023,0.97,0.055,7CUT3,66.296
TSHR_HUMAN,15730.0,0.023,0.97,0.055,7CUT4,76.316
TSHR_HUMAN,15730.0,0.023,0.97,0.055,7CUT5,77.458
TSHR_HUMAN,15730.0,0.023,0.97,0.055,7CUT6,58.316
TSHR_HUMAN,15730.0,0.023,0.97,0.055,7CUT7,34.618
LPAR3_HUMAN,106.0,0.122,0.96,0.225,7CUT0,58.040000000000006
LPAR3_HUMAN,106.0,0.122,0.96,0.225,7CUT1,44.724
LPAR3_HUMAN,106.0,0.122,0.96,0.225,7CUT2,67.86
LPAR3_HUMAN,106.0,0.122,0.96,0.225,7CUT3,66.416
LPAR3_HUMAN,106.0,0.122,0.96,0.225,7CUT4,80.002
LPAR3_HUMAN,106.0,0.122,0.96,0.225,7CUT5,55.19
LPAR3_HUMAN,106.0,0.122,0.96,0.225,7CUT6,68.332
LPAR3_HUMAN,106.0,0.122,0.96,0.225,7CUT7,43.998000000000005
SMO_HUMAN,617.0,0.021,0.98,0.078,7CUT0,35.012
SMO_HUMAN,617.0,0.021,0.98,0.078,7CUT1,30.822000000000003
SMO_HUMAN,617.0,0.021,0.98,0.078,7CUT2,40.718
SMO_HUMAN,617.0,0.021,0.98,0.078,7CUT3,56.84799999999999
SMO_HUMAN,617.0,0.021,0.98,0.078,7CUT4,43.206
SMO_HUMAN,617.0,0.021,0.98,0.078,7CUT5,48.908
SMO_HUMAN,617.0,0.021,0.98,0.078,7CUT6,31.334000000000003
SMO_HUMAN,617.0,0.021,0.98,0.078,7CUT7,42.262
RL3R2_HUMAN,0.0,,,,7CUT0,50.84
RL3R2_HUMAN,0.0,,,,7CUT1,51.132
RL3R2_HUMAN,0.0,,,,7CUT2,60.814
RL3R2_HUMAN,0.0,,,,7CUT3,77.78
RL3R2_HUMAN,0.0,,,,7CUT4,59.81400000000001
RL3R2_HUMAN,0.0,,,,7CUT5,54.776
RL3R2_HUMAN,0.0,,,,7CUT6,54.794
RL3R2_HUMAN,0.0,,,,7CUT7,35.48
NPY4R_HUMAN,30.0,0.073,0.91,0.169,7CUT0,47.03
NPY4R_HUMAN,30.0,0.073,0.91,0.169,7CUT1,44.586
NPY4R_HUMAN,30.0,0.073,0.91,0.169,7CUT2,57.694
NPY4R_HUMAN,30.0,0.073,0.91,0.169,7CUT3,74.122
NPY4R_HUMAN,30.0,0.073,0.91,0.169,7CUT4,51.1
NPY4R_HUMAN,30.0,0.073,0.91,0.169,7CUT5,49.748000000000005
NPY4R_HUMAN,30.0,0.073,0.91,0.169,7CUT6,64.662
NPY4R_HUMAN,30.0,0.073,0.91,0.169,7CUT7,38.208
